{
    "counter": {
        "ACTIVE": 2160,
        "INACTIVE": 1,
        "INVALID": 0,
        "MALICIOUS": 0,
        "SANE": 0,
        "VALID": 0,
        "total": 2161
    },
    "percentage": {
        "ACTIVE": 99.9537251272559,
        "INACTIVE": 0.06402048655569782,
        "INVALID": 0,
        "MALICIOUS": 0,
        "SANE": 0,
        "VALID": 0,
        "total": 100.01774561381158
    }
}