{
    "counter": {
        "ACTIVE": 240,
        "INACTIVE": 1,
        "INVALID": 0,
        "MALICIOUS": 0,
        "SANE": 0,
        "VALID": 0,
        "total": 241
    },
    "percentage": {
        "ACTIVE": 99.5850622406639,
        "INACTIVE": 0.43859649122807015,
        "INVALID": 0,
        "MALICIOUS": 0,
        "SANE": 0,
        "VALID": 0,
        "total": 100.02365873189197
    }
}