{
    "counter": {
        "ACTIVE": 2584,
        "INACTIVE": 2,
        "INVALID": 0,
        "MALICIOUS": 0,
        "SANE": 0,
        "VALID": 0,
        "total": 2586
    },
    "percentage": {
        "ACTIVE": 99.92266047950503,
        "INACTIVE": 0.1885014137606032,
        "INVALID": 0,
        "MALICIOUS": 0,
        "SANE": 0,
        "VALID": 0,
        "total": 100.11116189326563
    }
}