{
    "counter": {
        "ACTIVE": 2826,
        "INACTIVE": 6,
        "INVALID": 0,
        "MALICIOUS": 0,
        "SANE": 0,
        "VALID": 0,
        "total": 2832
    },
    "percentage": {
        "ACTIVE": 99.78813559322033,
        "INACTIVE": 0.3811944091486658,
        "INVALID": 0,
        "MALICIOUS": 0,
        "SANE": 0,
        "VALID": 0,
        "total": 100.169330002369
    }
}