{
    "counter": {
        "ACTIVE": 2084,
        "INACTIVE": 1,
        "INVALID": 0,
        "MALICIOUS": 0,
        "SANE": 0,
        "VALID": 0,
        "total": 2085
    },
    "percentage": {
        "ACTIVE": 99.95203836930456,
        "INACTIVE": 0.17921146953405018,
        "INVALID": 0,
        "MALICIOUS": 0,
        "SANE": 0,
        "VALID": 0,
        "total": 100.13124983883861
    }
}