{
    "counter": {
        "ACTIVE": 866,
        "INACTIVE": 1,
        "INVALID": 0,
        "MALICIOUS": 0,
        "SANE": 0,
        "VALID": 0,
        "total": 867
    },
    "percentage": {
        "ACTIVE": 99.88465974625144,
        "INACTIVE": 0.12300123001230012,
        "INVALID": 0,
        "MALICIOUS": 0,
        "SANE": 0,
        "VALID": 0,
        "total": 100.00766097626375
    }
}