{
    "counter": {
        "ACTIVE": 946,
        "INACTIVE": 3,
        "INVALID": 0,
        "MALICIOUS": 0,
        "SANE": 0,
        "VALID": 0,
        "total": 949
    },
    "percentage": {
        "ACTIVE": 99.68387776606954,
        "INACTIVE": 0.35294117647058826,
        "INVALID": 0,
        "MALICIOUS": 0,
        "SANE": 0,
        "VALID": 0,
        "total": 100.03681894254014
    }
}