{
    "counter": {
        "ACTIVE": 2436,
        "INACTIVE": 4,
        "INVALID": 0,
        "MALICIOUS": 0,
        "SANE": 0,
        "VALID": 0,
        "total": 2440
    },
    "percentage": {
        "ACTIVE": 99.8360655737705,
        "INACTIVE": 0.42328042328042326,
        "INVALID": 0,
        "MALICIOUS": 0,
        "SANE": 0,
        "VALID": 0,
        "total": 100.25934599705091
    }
}