{
    "counter": {
        "ACTIVE": 2130,
        "INACTIVE": 2,
        "INVALID": 0,
        "MALICIOUS": 0,
        "SANE": 0,
        "VALID": 0,
        "total": 2132
    },
    "percentage": {
        "ACTIVE": 99.906191369606,
        "INACTIVE": 0.12804097311139565,
        "INVALID": 0,
        "MALICIOUS": 0,
        "SANE": 0,
        "VALID": 0,
        "total": 100.0342323427174
    }
}