{
    "counter": {
        "ACTIVE": 1438,
        "INACTIVE": 1,
        "INVALID": 0,
        "MALICIOUS": 0,
        "SANE": 0,
        "VALID": 0,
        "total": 1439
    },
    "percentage": {
        "ACTIVE": 99.93050729673384,
        "INACTIVE": 0.1079913606911447,
        "INVALID": 0,
        "MALICIOUS": 0,
        "SANE": 0,
        "VALID": 0,
        "total": 100.03849865742498
    }
}