{
    "counter": {
        "ACTIVE": 1568,
        "INACTIVE": 1,
        "INVALID": 0,
        "MALICIOUS": 0,
        "SANE": 0,
        "VALID": 0,
        "total": 1569
    },
    "percentage": {
        "ACTIVE": 99.93626513702995,
        "INACTIVE": 0.08361204013377926,
        "INVALID": 0,
        "MALICIOUS": 0,
        "SANE": 0,
        "VALID": 0,
        "total": 100.01987717716372
    }
}