{
    "counter": {
        "ACTIVE": 2334,
        "INACTIVE": 2,
        "INVALID": 0,
        "MALICIOUS": 0,
        "SANE": 0,
        "VALID": 0,
        "total": 2336
    },
    "percentage": {
        "ACTIVE": 99.91438356164383,
        "INACTIVE": 0.19860973187686196,
        "INVALID": 0,
        "MALICIOUS": 0,
        "SANE": 0,
        "VALID": 0,
        "total": 100.11299329352069
    }
}