{
    "counter": {
        "ACTIVE": 2733,
        "INACTIVE": 1,
        "INVALID": 0,
        "MALICIOUS": 0,
        "SANE": 0,
        "VALID": 0,
        "total": 2734
    },
    "percentage": {
        "ACTIVE": 99.96342355523043,
        "INACTIVE": 0.08361204013377926,
        "INVALID": 0,
        "MALICIOUS": 0,
        "SANE": 0,
        "VALID": 0,
        "total": 100.0470355953642
    }
}