{
    "counter": {
        "ACTIVE": 1300,
        "INACTIVE": 1,
        "INVALID": 0,
        "MALICIOUS": 0,
        "SANE": 0,
        "VALID": 0,
        "total": 1301
    },
    "percentage": {
        "ACTIVE": 99.92313604919293,
        "INACTIVE": 0.10427528675703858,
        "INVALID": 0,
        "MALICIOUS": 0,
        "SANE": 0,
        "VALID": 0,
        "total": 100.02741133594998
    }
}