{
    "counter": {
        "ACTIVE": 1604,
        "INACTIVE": 1,
        "INVALID": 0,
        "MALICIOUS": 0,
        "SANE": 0,
        "VALID": 0,
        "total": 1605
    },
    "percentage": {
        "ACTIVE": 99.93769470404985,
        "INACTIVE": 0.1079913606911447,
        "INVALID": 0,
        "MALICIOUS": 0,
        "SANE": 0,
        "VALID": 0,
        "total": 100.04568606474099
    }
}