{
    "counter": {
        "ACTIVE": 1288,
        "INACTIVE": 1,
        "INVALID": 0,
        "MALICIOUS": 0,
        "SANE": 0,
        "VALID": 0,
        "total": 1289
    },
    "percentage": {
        "ACTIVE": 99.92242048099301,
        "INACTIVE": 0.1006036217303823,
        "INVALID": 0,
        "MALICIOUS": 0,
        "SANE": 0,
        "VALID": 0,
        "total": 100.0230241027234
    }
}