{
    "counter": {
        "ACTIVE": 1486,
        "INACTIVE": 1,
        "INVALID": 0,
        "MALICIOUS": 0,
        "SANE": 0,
        "VALID": 0,
        "total": 1487
    },
    "percentage": {
        "ACTIVE": 99.93275050437121,
        "INACTIVE": 0.0970873786407767,
        "INVALID": 0,
        "MALICIOUS": 0,
        "SANE": 0,
        "VALID": 0,
        "total": 100.029837883012
    }
}