{
    "counter": {
        "ACTIVE": 2597,
        "INACTIVE": 1,
        "INVALID": 0,
        "MALICIOUS": 0,
        "SANE": 0,
        "VALID": 0,
        "total": 2598
    },
    "percentage": {
        "ACTIVE": 99.96150885296382,
        "INACTIVE": 0.4830917874396135,
        "INVALID": 0,
        "MALICIOUS": 0,
        "SANE": 0,
        "VALID": 0,
        "total": 100.44460064040344
    }
}