{
    "counter": {
        "ACTIVE": 2712,
        "INACTIVE": 3,
        "INVALID": 0,
        "MALICIOUS": 0,
        "SANE": 0,
        "VALID": 0,
        "total": 2715
    },
    "percentage": {
        "ACTIVE": 99.88950276243094,
        "INACTIVE": 0.2329192546583851,
        "INVALID": 0,
        "MALICIOUS": 0,
        "SANE": 0,
        "VALID": 0,
        "total": 100.12242201708932
    }
}