{
    "counter": {
        "ACTIVE": 659,
        "INACTIVE": 4,
        "INVALID": 0,
        "MALICIOUS": 0,
        "SANE": 0,
        "VALID": 0,
        "total": 663
    },
    "percentage": {
        "ACTIVE": 99.39668174962293,
        "INACTIVE": 1.3840830449826989,
        "INVALID": 0,
        "MALICIOUS": 0,
        "SANE": 0,
        "VALID": 0,
        "total": 100.78076479460563
    }
}