{
    "counter": {
        "ACTIVE": 2949,
        "INACTIVE": 1,
        "INVALID": 0,
        "MALICIOUS": 0,
        "SANE": 0,
        "VALID": 0,
        "total": 2950
    },
    "percentage": {
        "ACTIVE": 99.96610169491525,
        "INACTIVE": 0.0434593654932638,
        "INVALID": 0,
        "MALICIOUS": 0,
        "SANE": 0,
        "VALID": 0,
        "total": 100.00956106040852
    }
}