{
    "counter": {
        "ACTIVE": 2875,
        "INACTIVE": 3,
        "INVALID": 0,
        "MALICIOUS": 0,
        "SANE": 0,
        "VALID": 0,
        "total": 2878
    },
    "percentage": {
        "ACTIVE": 99.89576094510076,
        "INACTIVE": 0.37735849056603776,
        "INVALID": 0,
        "MALICIOUS": 0,
        "SANE": 0,
        "VALID": 0,
        "total": 100.2731194356668
    }
}