{
    "counter": {
        "ACTIVE": 1837,
        "INACTIVE": 1,
        "INVALID": 0,
        "MALICIOUS": 0,
        "SANE": 0,
        "VALID": 0,
        "total": 1838
    },
    "percentage": {
        "ACTIVE": 99.9455930359086,
        "INACTIVE": 0.07575757575757576,
        "INVALID": 0,
        "MALICIOUS": 0,
        "SANE": 0,
        "VALID": 0,
        "total": 100.02135061166618
    }
}