{
    "counter": {
        "ACTIVE": 1027,
        "INACTIVE": 1,
        "INVALID": 0,
        "MALICIOUS": 0,
        "SANE": 0,
        "VALID": 0,
        "total": 1028
    },
    "percentage": {
        "ACTIVE": 99.90272373540856,
        "INACTIVE": 0.1182033096926714,
        "INVALID": 0,
        "MALICIOUS": 0,
        "SANE": 0,
        "VALID": 0,
        "total": 100.02092704510123
    }
}