{
    "counter": {
        "ACTIVE": 2864,
        "INACTIVE": 1,
        "INVALID": 0,
        "MALICIOUS": 0,
        "SANE": 0,
        "VALID": 0,
        "total": 2865
    },
    "percentage": {
        "ACTIVE": 99.96509598603839,
        "INACTIVE": 0.054884742041712405,
        "INVALID": 0,
        "MALICIOUS": 0,
        "SANE": 0,
        "VALID": 0,
        "total": 100.0199807280801
    }
}