{
    "counter": {
        "ACTIVE": 1132,
        "INACTIVE": 1,
        "INVALID": 0,
        "MALICIOUS": 0,
        "SANE": 0,
        "VALID": 0,
        "total": 1133
    },
    "percentage": {
        "ACTIVE": 99.9117387466902,
        "INACTIVE": 0.10030090270812438,
        "INVALID": 0,
        "MALICIOUS": 0,
        "SANE": 0,
        "VALID": 0,
        "total": 100.01203964939833
    }
}