{
    "counter": {
        "ACTIVE": 2512,
        "INACTIVE": 1,
        "INVALID": 0,
        "MALICIOUS": 0,
        "SANE": 0,
        "VALID": 0,
        "total": 2513
    },
    "percentage": {
        "ACTIVE": 99.96020692399523,
        "INACTIVE": 0.07507507507507508,
        "INVALID": 0,
        "MALICIOUS": 0,
        "SANE": 0,
        "VALID": 0,
        "total": 100.0352819990703
    }
}