{
    "counter": {
        "ACTIVE": 871,
        "INACTIVE": 1,
        "INVALID": 0,
        "MALICIOUS": 0,
        "SANE": 0,
        "VALID": 0,
        "total": 872
    },
    "percentage": {
        "ACTIVE": 99.88532110091744,
        "INACTIVE": 0.5405405405405406,
        "INVALID": 0,
        "MALICIOUS": 0,
        "SANE": 0,
        "VALID": 0,
        "total": 100.42586164145798
    }
}