{
    "counter": {
        "ACTIVE": 3031,
        "INACTIVE": 4,
        "INVALID": 0,
        "MALICIOUS": 0,
        "SANE": 0,
        "VALID": 0,
        "total": 3035
    },
    "percentage": {
        "ACTIVE": 99.8682042833608,
        "INACTIVE": 1.3840830449826989,
        "INVALID": 0,
        "MALICIOUS": 0,
        "SANE": 0,
        "VALID": 0,
        "total": 101.2522873283435
    }
}