{
    "counter": {
        "ACTIVE": 1560,
        "INACTIVE": 4,
        "INVALID": 0,
        "MALICIOUS": 0,
        "SANE": 0,
        "VALID": 0,
        "total": 1564
    },
    "percentage": {
        "ACTIVE": 99.74424552429667,
        "INACTIVE": 0.42328042328042326,
        "INVALID": 0,
        "MALICIOUS": 0,
        "SANE": 0,
        "VALID": 0,
        "total": 100.16752594757709
    }
}