{
    "counter": {
        "ACTIVE": 2899,
        "INACTIVE": 3,
        "INVALID": 0,
        "MALICIOUS": 0,
        "SANE": 0,
        "VALID": 0,
        "total": 2902
    },
    "percentage": {
        "ACTIVE": 99.89662301860785,
        "INACTIVE": 0.12417218543046357,
        "INVALID": 0,
        "MALICIOUS": 0,
        "SANE": 0,
        "VALID": 0,
        "total": 100.02079520403832
    }
}