{
    "counter": {
        "ACTIVE": 1441,
        "INACTIVE": 2,
        "INVALID": 0,
        "MALICIOUS": 0,
        "SANE": 0,
        "VALID": 0,
        "total": 1443
    },
    "percentage": {
        "ACTIVE": 99.86139986139986,
        "INACTIVE": 0.13937282229965156,
        "INVALID": 0,
        "MALICIOUS": 0,
        "SANE": 0,
        "VALID": 0,
        "total": 100.00077268369951
    }
}