{
    "counter": {
        "ACTIVE": 2167,
        "INACTIVE": 1,
        "INVALID": 0,
        "MALICIOUS": 0,
        "SANE": 0,
        "VALID": 0,
        "total": 2168
    },
    "percentage": {
        "ACTIVE": 99.95387453874538,
        "INACTIVE": 0.06406149903907751,
        "INVALID": 0,
        "MALICIOUS": 0,
        "SANE": 0,
        "VALID": 0,
        "total": 100.01793603778447
    }
}