{
    "counter": {
        "ACTIVE": 2526,
        "INACTIVE": 1,
        "INVALID": 0,
        "MALICIOUS": 0,
        "SANE": 0,
        "VALID": 0,
        "total": 2527
    },
    "percentage": {
        "ACTIVE": 99.9604273842501,
        "INACTIVE": 0.040783034257748776,
        "INVALID": 0,
        "MALICIOUS": 0,
        "SANE": 0,
        "VALID": 0,
        "total": 100.00121041850784
    }
}