{
    "counter": {
        "ACTIVE": 1945,
        "INACTIVE": 1,
        "INVALID": 0,
        "MALICIOUS": 0,
        "SANE": 0,
        "VALID": 0,
        "total": 1946
    },
    "percentage": {
        "ACTIVE": 99.9486125385406,
        "INACTIVE": 0.1006036217303823,
        "INVALID": 0,
        "MALICIOUS": 0,
        "SANE": 0,
        "VALID": 0,
        "total": 100.04921616027099
    }
}