{
    "counter": {
        "ACTIVE": 2166,
        "INACTIVE": 1,
        "INVALID": 0,
        "MALICIOUS": 0,
        "SANE": 0,
        "VALID": 0,
        "total": 2167
    },
    "percentage": {
        "ACTIVE": 99.95385325334564,
        "INACTIVE": 0.0970873786407767,
        "INVALID": 0,
        "MALICIOUS": 0,
        "SANE": 0,
        "VALID": 0,
        "total": 100.05094063198642
    }
}