{
    "counter": {
        "ACTIVE": 2822,
        "INACTIVE": 1,
        "INVALID": 0,
        "MALICIOUS": 0,
        "SANE": 0,
        "VALID": 0,
        "total": 2823
    },
    "percentage": {
        "ACTIVE": 99.96457669146298,
        "INACTIVE": 0.0757002271006813,
        "INVALID": 0,
        "MALICIOUS": 0,
        "SANE": 0,
        "VALID": 0,
        "total": 100.04027691856366
    }
}