{
    "counter": {
        "ACTIVE": 2801,
        "INACTIVE": 1,
        "INVALID": 0,
        "MALICIOUS": 0,
        "SANE": 0,
        "VALID": 0,
        "total": 2802
    },
    "percentage": {
        "ACTIVE": 99.96431120628122,
        "INACTIVE": 0.0755287009063444,
        "INVALID": 0,
        "MALICIOUS": 0,
        "SANE": 0,
        "VALID": 0,
        "total": 100.03983990718757
    }
}