{
    "counter": {
        "ACTIVE": 2775,
        "INACTIVE": 3,
        "INVALID": 0,
        "MALICIOUS": 0,
        "SANE": 0,
        "VALID": 0,
        "total": 2778
    },
    "percentage": {
        "ACTIVE": 99.89200863930886,
        "INACTIVE": 0.2918287937743191,
        "INVALID": 0,
        "MALICIOUS": 0,
        "SANE": 0,
        "VALID": 0,
        "total": 100.18383743308317
    }
}