{
    "counter": {
        "ACTIVE": 2749,
        "INACTIVE": 1,
        "INVALID": 0,
        "MALICIOUS": 0,
        "SANE": 0,
        "VALID": 0,
        "total": 2750
    },
    "percentage": {
        "ACTIVE": 99.96363636363637,
        "INACTIVE": 0.1001001001001001,
        "INVALID": 0,
        "MALICIOUS": 0,
        "SANE": 0,
        "VALID": 0,
        "total": 100.06373646373648
    }
}