{
    "counter": {
        "ACTIVE": 2463,
        "INACTIVE": 4,
        "INVALID": 0,
        "MALICIOUS": 0,
        "SANE": 0,
        "VALID": 0,
        "total": 2467
    },
    "percentage": {
        "ACTIVE": 99.8378597486826,
        "INACTIVE": 1.3840830449826989,
        "INVALID": 0,
        "MALICIOUS": 0,
        "SANE": 0,
        "VALID": 0,
        "total": 101.2219427936653
    }
}