{
    "counter": {
        "ACTIVE": 2744,
        "INACTIVE": 2,
        "INVALID": 0,
        "MALICIOUS": 0,
        "SANE": 0,
        "VALID": 0,
        "total": 2746
    },
    "percentage": {
        "ACTIVE": 99.92716678805536,
        "INACTIVE": 0.08159934720522236,
        "INVALID": 0,
        "MALICIOUS": 0,
        "SANE": 0,
        "VALID": 0,
        "total": 100.00876613526059
    }
}