{
    "counter": {
        "ACTIVE": 2504,
        "INACTIVE": 1,
        "INVALID": 0,
        "MALICIOUS": 0,
        "SANE": 0,
        "VALID": 0,
        "total": 2505
    },
    "percentage": {
        "ACTIVE": 99.96007984031937,
        "INACTIVE": 0.0970873786407767,
        "INVALID": 0,
        "MALICIOUS": 0,
        "SANE": 0,
        "VALID": 0,
        "total": 100.05716721896015
    }
}