{
    "counter": {
        "ACTIVE": 2600,
        "INACTIVE": 1,
        "INVALID": 0,
        "MALICIOUS": 0,
        "SANE": 0,
        "VALID": 0,
        "total": 2601
    },
    "percentage": {
        "ACTIVE": 99.96155324875048,
        "INACTIVE": 0.10626992561105207,
        "INVALID": 0,
        "MALICIOUS": 0,
        "SANE": 0,
        "VALID": 0,
        "total": 100.06782317436154
    }
}