{
    "counter": {
        "ACTIVE": 2816,
        "INACTIVE": 1,
        "INVALID": 0,
        "MALICIOUS": 0,
        "SANE": 0,
        "VALID": 0,
        "total": 2817
    },
    "percentage": {
        "ACTIVE": 99.96450124245652,
        "INACTIVE": 1.8867924528301887,
        "INVALID": 0,
        "MALICIOUS": 0,
        "SANE": 0,
        "VALID": 0,
        "total": 101.85129369528671
    }
}