{
    "counter": {
        "ACTIVE": 1797,
        "INACTIVE": 1,
        "INVALID": 0,
        "MALICIOUS": 0,
        "SANE": 0,
        "VALID": 0,
        "total": 1798
    },
    "percentage": {
        "ACTIVE": 99.94438264738598,
        "INACTIVE": 0.1079913606911447,
        "INVALID": 0,
        "MALICIOUS": 0,
        "SANE": 0,
        "VALID": 0,
        "total": 100.05237400807712
    }
}