{
    "counter": {
        "ACTIVE": 2786,
        "INACTIVE": 4,
        "INVALID": 0,
        "MALICIOUS": 0,
        "SANE": 0,
        "VALID": 0,
        "total": 2790
    },
    "percentage": {
        "ACTIVE": 99.85663082437276,
        "INACTIVE": 0.37593984962406013,
        "INVALID": 0,
        "MALICIOUS": 0,
        "SANE": 0,
        "VALID": 0,
        "total": 100.23257067399682
    }
}