{
    "counter": {
        "ACTIVE": 2811,
        "INACTIVE": 1,
        "INVALID": 0,
        "MALICIOUS": 0,
        "SANE": 0,
        "VALID": 0,
        "total": 2812
    },
    "percentage": {
        "ACTIVE": 99.96443812233287,
        "INACTIVE": 0.05149330587023687,
        "INVALID": 0,
        "MALICIOUS": 0,
        "SANE": 0,
        "VALID": 0,
        "total": 100.0159314282031
    }
}