{
    "counter": {
        "ACTIVE": 662,
        "INACTIVE": 1,
        "INVALID": 0,
        "MALICIOUS": 0,
        "SANE": 0,
        "VALID": 0,
        "total": 663
    },
    "percentage": {
        "ACTIVE": 99.84917043740573,
        "INACTIVE": 0.1610305958132045,
        "INVALID": 0,
        "MALICIOUS": 0,
        "SANE": 0,
        "VALID": 0,
        "total": 100.01020103321893
    }
}