{
    "counter": {
        "ACTIVE": 2444,
        "INACTIVE": 1,
        "INVALID": 0,
        "MALICIOUS": 0,
        "SANE": 0,
        "VALID": 0,
        "total": 2445
    },
    "percentage": {
        "ACTIVE": 99.95910020449898,
        "INACTIVE": 0.0755287009063444,
        "INVALID": 0,
        "MALICIOUS": 0,
        "SANE": 0,
        "VALID": 0,
        "total": 100.03462890540533
    }
}