{
    "counter": {
        "ACTIVE": 2439,
        "INACTIVE": 1,
        "INVALID": 0,
        "MALICIOUS": 0,
        "SANE": 0,
        "VALID": 0,
        "total": 2440
    },
    "percentage": {
        "ACTIVE": 99.95901639344262,
        "INACTIVE": 0.17921146953405018,
        "INVALID": 0,
        "MALICIOUS": 0,
        "SANE": 0,
        "VALID": 0,
        "total": 100.13822786297668
    }
}