{
    "counter": {
        "ACTIVE": 1777,
        "INACTIVE": 2,
        "INVALID": 0,
        "MALICIOUS": 0,
        "SANE": 0,
        "VALID": 0,
        "total": 1779
    },
    "percentage": {
        "ACTIVE": 99.8875772906127,
        "INACTIVE": 0.13937282229965156,
        "INVALID": 0,
        "MALICIOUS": 0,
        "SANE": 0,
        "VALID": 0,
        "total": 100.02695011291235
    }
}