{
    "counter": {
        "ACTIVE": 1877,
        "INACTIVE": 1,
        "INVALID": 0,
        "MALICIOUS": 0,
        "SANE": 0,
        "VALID": 0,
        "total": 1878
    },
    "percentage": {
        "ACTIVE": 99.94675186368477,
        "INACTIVE": 0.11918951132300358,
        "INVALID": 0,
        "MALICIOUS": 0,
        "SANE": 0,
        "VALID": 0,
        "total": 100.06594137500777
    }
}