{
    "counter": {
        "ACTIVE": 3043,
        "INACTIVE": 1,
        "INVALID": 0,
        "MALICIOUS": 0,
        "SANE": 0,
        "VALID": 0,
        "total": 3044
    },
    "percentage": {
        "ACTIVE": 99.96714848883049,
        "INACTIVE": 0.06954102920723226,
        "INVALID": 0,
        "MALICIOUS": 0,
        "SANE": 0,
        "VALID": 0,
        "total": 100.03668951803772
    }
}