{
    "counter": {
        "ACTIVE": 2821,
        "INACTIVE": 1,
        "INVALID": 0,
        "MALICIOUS": 0,
        "SANE": 0,
        "VALID": 0,
        "total": 2822
    },
    "percentage": {
        "ACTIVE": 99.96456413890857,
        "INACTIVE": 0.07564296520423601,
        "INVALID": 0,
        "MALICIOUS": 0,
        "SANE": 0,
        "VALID": 0,
        "total": 100.04020710411281
    }
}