{
    "counter": {
        "ACTIVE": 2145,
        "INACTIVE": 1,
        "INVALID": 0,
        "MALICIOUS": 0,
        "SANE": 0,
        "VALID": 0,
        "total": 2146
    },
    "percentage": {
        "ACTIVE": 99.9534016775396,
        "INACTIVE": 0.07564296520423601,
        "INVALID": 0,
        "MALICIOUS": 0,
        "SANE": 0,
        "VALID": 0,
        "total": 100.02904464274384
    }
}