{
    "counter": {
        "ACTIVE": 2634,
        "INACTIVE": 7,
        "INVALID": 0,
        "MALICIOUS": 0,
        "SANE": 0,
        "VALID": 0,
        "total": 2641
    },
    "percentage": {
        "ACTIVE": 99.73494888299886,
        "INACTIVE": 0.3856749311294766,
        "INVALID": 0,
        "MALICIOUS": 0,
        "SANE": 0,
        "VALID": 0,
        "total": 100.12062381412834
    }
}