{
    "counter": {
        "ACTIVE": 1277,
        "INACTIVE": 1,
        "INVALID": 0,
        "MALICIOUS": 0,
        "SANE": 0,
        "VALID": 0,
        "total": 1278
    },
    "percentage": {
        "ACTIVE": 99.92175273865415,
        "INACTIVE": 0.5434782608695652,
        "INVALID": 0,
        "MALICIOUS": 0,
        "SANE": 0,
        "VALID": 0,
        "total": 100.46523099952371
    }
}