{
    "counter": {
        "ACTIVE": 2832,
        "INACTIVE": 2,
        "INVALID": 0,
        "MALICIOUS": 0,
        "SANE": 0,
        "VALID": 0,
        "total": 2834
    },
    "percentage": {
        "ACTIVE": 99.92942836979535,
        "INACTIVE": 0.10989010989010989,
        "INVALID": 0,
        "MALICIOUS": 0,
        "SANE": 0,
        "VALID": 0,
        "total": 100.03931847968546
    }
}