{
    "counter": {
        "ACTIVE": 1155,
        "INACTIVE": 1,
        "INVALID": 0,
        "MALICIOUS": 0,
        "SANE": 0,
        "VALID": 0,
        "total": 1156
    },
    "percentage": {
        "ACTIVE": 99.91349480968859,
        "INACTIVE": 0.1182033096926714,
        "INVALID": 0,
        "MALICIOUS": 0,
        "SANE": 0,
        "VALID": 0,
        "total": 100.03169811938126
    }
}