{
    "counter": {
        "ACTIVE": 1836,
        "INACTIVE": 4,
        "INVALID": 0,
        "MALICIOUS": 0,
        "SANE": 0,
        "VALID": 0,
        "total": 1840
    },
    "percentage": {
        "ACTIVE": 99.78260869565217,
        "INACTIVE": 0.42328042328042326,
        "INVALID": 0,
        "MALICIOUS": 0,
        "SANE": 0,
        "VALID": 0,
        "total": 100.20588911893259
    }
}