{
    "counter": {
        "ACTIVE": 2871,
        "INACTIVE": 1,
        "INVALID": 0,
        "MALICIOUS": 0,
        "SANE": 0,
        "VALID": 0,
        "total": 2872
    },
    "percentage": {
        "ACTIVE": 99.96518105849582,
        "INACTIVE": 0.09852216748768473,
        "INVALID": 0,
        "MALICIOUS": 0,
        "SANE": 0,
        "VALID": 0,
        "total": 100.0637032259835
    }
}