{
    "counter": {
        "ACTIVE": 2077,
        "INACTIVE": 3,
        "INVALID": 0,
        "MALICIOUS": 0,
        "SANE": 0,
        "VALID": 0,
        "total": 2080
    },
    "percentage": {
        "ACTIVE": 99.85576923076923,
        "INACTIVE": 0.2329192546583851,
        "INVALID": 0,
        "MALICIOUS": 0,
        "SANE": 0,
        "VALID": 0,
        "total": 100.08868848542761
    }
}