{
    "counter": {
        "ACTIVE": 2842,
        "INACTIVE": 1,
        "INVALID": 0,
        "MALICIOUS": 0,
        "SANE": 0,
        "VALID": 0,
        "total": 2843
    },
    "percentage": {
        "ACTIVE": 99.96482588814632,
        "INACTIVE": 0.06406149903907751,
        "INVALID": 0,
        "MALICIOUS": 0,
        "SANE": 0,
        "VALID": 0,
        "total": 100.0288873871854
    }
}