{
    "counter": {
        "ACTIVE": 2362,
        "INACTIVE": 1,
        "INVALID": 0,
        "MALICIOUS": 0,
        "SANE": 0,
        "VALID": 0,
        "total": 2363
    },
    "percentage": {
        "ACTIVE": 99.95768091409225,
        "INACTIVE": 0.05149330587023687,
        "INVALID": 0,
        "MALICIOUS": 0,
        "SANE": 0,
        "VALID": 0,
        "total": 100.00917421996249
    }
}