{
    "counter": {
        "ACTIVE": 1463,
        "INACTIVE": 1,
        "INVALID": 0,
        "MALICIOUS": 0,
        "SANE": 0,
        "VALID": 0,
        "total": 1464
    },
    "percentage": {
        "ACTIVE": 99.93169398907104,
        "INACTIVE": 0.10672358591248667,
        "INVALID": 0,
        "MALICIOUS": 0,
        "SANE": 0,
        "VALID": 0,
        "total": 100.03841757498353
    }
}