{
    "counter": {
        "ACTIVE": 2176,
        "INACTIVE": 1,
        "INVALID": 0,
        "MALICIOUS": 0,
        "SANE": 0,
        "VALID": 0,
        "total": 2177
    },
    "percentage": {
        "ACTIVE": 99.95406522737713,
        "INACTIVE": 0.07507507507507508,
        "INVALID": 0,
        "MALICIOUS": 0,
        "SANE": 0,
        "VALID": 0,
        "total": 100.0291403024522
    }
}