{
    "counter": {
        "ACTIVE": 1097,
        "INACTIVE": 13,
        "INVALID": 0,
        "MALICIOUS": 0,
        "SANE": 0,
        "VALID": 0,
        "total": 1110
    },
    "percentage": {
        "ACTIVE": 98.82882882882883,
        "INACTIVE": 1.1937557392102847,
        "INVALID": 0,
        "MALICIOUS": 0,
        "SANE": 0,
        "VALID": 0,
        "total": 100.02258456803912
    }
}