{
    "counter": {
        "ACTIVE": 945,
        "INACTIVE": 2,
        "INVALID": 0,
        "MALICIOUS": 0,
        "SANE": 0,
        "VALID": 0,
        "total": 947
    },
    "percentage": {
        "ACTIVE": 99.78880675818374,
        "INACTIVE": 0.3389830508474576,
        "INVALID": 0,
        "MALICIOUS": 0,
        "SANE": 0,
        "VALID": 0,
        "total": 100.1277898090312
    }
}