{
    "counter": {
        "ACTIVE": 1133,
        "INACTIVE": 1,
        "INVALID": 0,
        "MALICIOUS": 0,
        "SANE": 0,
        "VALID": 0,
        "total": 1134
    },
    "percentage": {
        "ACTIVE": 99.91181657848324,
        "INACTIVE": 0.10626992561105207,
        "INVALID": 0,
        "MALICIOUS": 0,
        "SANE": 0,
        "VALID": 0,
        "total": 100.0180865040943
    }
}