{
    "counter": {
        "ACTIVE": 1569,
        "INACTIVE": 1,
        "INVALID": 0,
        "MALICIOUS": 0,
        "SANE": 0,
        "VALID": 0,
        "total": 1570
    },
    "percentage": {
        "ACTIVE": 99.93630573248407,
        "INACTIVE": 0.5434782608695652,
        "INVALID": 0,
        "MALICIOUS": 0,
        "SANE": 0,
        "VALID": 0,
        "total": 100.47978399335364
    }
}