{
    "counter": {
        "ACTIVE": 1525,
        "INACTIVE": 8,
        "INVALID": 0,
        "MALICIOUS": 0,
        "SANE": 0,
        "VALID": 0,
        "total": 1533
    },
    "percentage": {
        "ACTIVE": 99.47814742335291,
        "INACTIVE": 0.8307372793354102,
        "INVALID": 0,
        "MALICIOUS": 0,
        "SANE": 0,
        "VALID": 0,
        "total": 100.30888470268832
    }
}