{
    "counter": {
        "ACTIVE": 1119,
        "INACTIVE": 2,
        "INVALID": 0,
        "MALICIOUS": 0,
        "SANE": 0,
        "VALID": 0,
        "total": 1121
    },
    "percentage": {
        "ACTIVE": 99.82158786797503,
        "INACTIVE": 0.1885014137606032,
        "INVALID": 0,
        "MALICIOUS": 0,
        "SANE": 0,
        "VALID": 0,
        "total": 100.01008928173563
    }
}