{
    "counter": {
        "ACTIVE": 261,
        "INACTIVE": 1,
        "INVALID": 0,
        "MALICIOUS": 0,
        "SANE": 0,
        "VALID": 0,
        "total": 262
    },
    "percentage": {
        "ACTIVE": 99.61832061068702,
        "INACTIVE": 1.8867924528301887,
        "INVALID": 0,
        "MALICIOUS": 0,
        "SANE": 0,
        "VALID": 0,
        "total": 101.50511306351721
    }
}