{
    "counter": {
        "ACTIVE": 2185,
        "INACTIVE": 1,
        "INVALID": 0,
        "MALICIOUS": 0,
        "SANE": 0,
        "VALID": 0,
        "total": 2186
    },
    "percentage": {
        "ACTIVE": 99.95425434583714,
        "INACTIVE": 0.054884742041712405,
        "INVALID": 0,
        "MALICIOUS": 0,
        "SANE": 0,
        "VALID": 0,
        "total": 100.00913908787885
    }
}