{
    "counter": {
        "ACTIVE": 2638,
        "INACTIVE": 2,
        "INVALID": 0,
        "MALICIOUS": 0,
        "SANE": 0,
        "VALID": 0,
        "total": 2640
    },
    "percentage": {
        "ACTIVE": 99.92424242424242,
        "INACTIVE": 0.10509721492380451,
        "INVALID": 0,
        "MALICIOUS": 0,
        "SANE": 0,
        "VALID": 0,
        "total": 100.02933963916622
    }
}