{
    "counter": {
        "ACTIVE": 2822,
        "INACTIVE": 1,
        "INVALID": 0,
        "MALICIOUS": 0,
        "SANE": 0,
        "VALID": 0,
        "total": 2823
    },
    "percentage": {
        "ACTIVE": 99.96457669146298,
        "INACTIVE": 0.06802721088435375,
        "INVALID": 0,
        "MALICIOUS": 0,
        "SANE": 0,
        "VALID": 0,
        "total": 100.03260390234733
    }
}