{
    "counter": {
        "ACTIVE": 2403,
        "INACTIVE": 23,
        "INVALID": 0,
        "MALICIOUS": 0,
        "SANE": 0,
        "VALID": 0,
        "total": 2426
    },
    "percentage": {
        "ACTIVE": 99.05193734542456,
        "INACTIVE": 0.9663865546218487,
        "INVALID": 0,
        "MALICIOUS": 0,
        "SANE": 0,
        "VALID": 0,
        "total": 100.01832390004641
    }
}