{
    "counter": {
        "ACTIVE": 2828,
        "INACTIVE": 2,
        "INVALID": 0,
        "MALICIOUS": 0,
        "SANE": 0,
        "VALID": 0,
        "total": 2830
    },
    "percentage": {
        "ACTIVE": 99.92932862190813,
        "INACTIVE": 0.2178649237472767,
        "INVALID": 0,
        "MALICIOUS": 0,
        "SANE": 0,
        "VALID": 0,
        "total": 100.1471935456554
    }
}