{
    "counter": {
        "ACTIVE": 2473,
        "INACTIVE": 1,
        "INVALID": 0,
        "MALICIOUS": 0,
        "SANE": 0,
        "VALID": 0,
        "total": 2474
    },
    "percentage": {
        "ACTIVE": 99.95957962813257,
        "INACTIVE": 0.06954102920723226,
        "INVALID": 0,
        "MALICIOUS": 0,
        "SANE": 0,
        "VALID": 0,
        "total": 100.0291206573398
    }
}