{
    "counter": {
        "ACTIVE": 1338,
        "INACTIVE": 3,
        "INVALID": 0,
        "MALICIOUS": 0,
        "SANE": 0,
        "VALID": 0,
        "total": 1341
    },
    "percentage": {
        "ACTIVE": 99.77628635346755,
        "INACTIVE": 0.2918287937743191,
        "INVALID": 0,
        "MALICIOUS": 0,
        "SANE": 0,
        "VALID": 0,
        "total": 100.06811514724187
    }
}