{
    "counter": {
        "ACTIVE": 2168,
        "INACTIVE": 1,
        "INVALID": 0,
        "MALICIOUS": 0,
        "SANE": 0,
        "VALID": 0,
        "total": 2169
    },
    "percentage": {
        "ACTIVE": 99.95389580451821,
        "INACTIVE": 0.1079913606911447,
        "INVALID": 0,
        "MALICIOUS": 0,
        "SANE": 0,
        "VALID": 0,
        "total": 100.06188716520936
    }
}