{
    "counter": {
        "ACTIVE": 3040,
        "INACTIVE": 2,
        "INVALID": 0,
        "MALICIOUS": 0,
        "SANE": 0,
        "VALID": 0,
        "total": 3042
    },
    "percentage": {
        "ACTIVE": 99.93425378040763,
        "INACTIVE": 0.12804097311139565,
        "INVALID": 0,
        "MALICIOUS": 0,
        "SANE": 0,
        "VALID": 0,
        "total": 100.06229475351903
    }
}