{
    "counter": {
        "ACTIVE": 1854,
        "INACTIVE": 1,
        "INVALID": 0,
        "MALICIOUS": 0,
        "SANE": 0,
        "VALID": 0,
        "total": 1855
    },
    "percentage": {
        "ACTIVE": 99.94609164420486,
        "INACTIVE": 0.5434782608695652,
        "INVALID": 0,
        "MALICIOUS": 0,
        "SANE": 0,
        "VALID": 0,
        "total": 100.48956990507442
    }
}