{
    "counter": {
        "ACTIVE": 2478,
        "INACTIVE": 1,
        "INVALID": 0,
        "MALICIOUS": 0,
        "SANE": 0,
        "VALID": 0,
        "total": 2479
    },
    "percentage": {
        "ACTIVE": 99.959661153691,
        "INACTIVE": 1.8867924528301887,
        "INVALID": 0,
        "MALICIOUS": 0,
        "SANE": 0,
        "VALID": 0,
        "total": 101.8464536065212
    }
}