{
    "counter": {
        "ACTIVE": 1835,
        "INACTIVE": 2,
        "INVALID": 0,
        "MALICIOUS": 0,
        "SANE": 0,
        "VALID": 0,
        "total": 1837
    },
    "percentage": {
        "ACTIVE": 99.89112683723462,
        "INACTIVE": 0.12804097311139565,
        "INVALID": 0,
        "MALICIOUS": 0,
        "SANE": 0,
        "VALID": 0,
        "total": 100.01916781034602
    }
}