{
    "counter": {
        "ACTIVE": 2614,
        "INACTIVE": 4,
        "INVALID": 0,
        "MALICIOUS": 0,
        "SANE": 0,
        "VALID": 0,
        "total": 2618
    },
    "percentage": {
        "ACTIVE": 99.8472116119175,
        "INACTIVE": 1.3840830449826989,
        "INVALID": 0,
        "MALICIOUS": 0,
        "SANE": 0,
        "VALID": 0,
        "total": 101.2312946569002
    }
}