{
    "counter": {
        "ACTIVE": 2106,
        "INACTIVE": 1,
        "INVALID": 0,
        "MALICIOUS": 0,
        "SANE": 0,
        "VALID": 0,
        "total": 2107
    },
    "percentage": {
        "ACTIVE": 99.95253915519696,
        "INACTIVE": 0.10070493454179255,
        "INVALID": 0,
        "MALICIOUS": 0,
        "SANE": 0,
        "VALID": 0,
        "total": 100.05324408973875
    }
}