{
    "counter": {
        "ACTIVE": 2250,
        "INACTIVE": 3,
        "INVALID": 0,
        "MALICIOUS": 0,
        "SANE": 0,
        "VALID": 0,
        "total": 2253
    },
    "percentage": {
        "ACTIVE": 99.86684420772303,
        "INACTIVE": 0.13593112822836428,
        "INVALID": 0,
        "MALICIOUS": 0,
        "SANE": 0,
        "VALID": 0,
        "total": 100.0027753359514
    }
}