{
    "counter": {
        "ACTIVE": 1839,
        "INACTIVE": 1,
        "INVALID": 0,
        "MALICIOUS": 0,
        "SANE": 0,
        "VALID": 0,
        "total": 1840
    },
    "percentage": {
        "ACTIVE": 99.94565217391305,
        "INACTIVE": 0.054884742041712405,
        "INVALID": 0,
        "MALICIOUS": 0,
        "SANE": 0,
        "VALID": 0,
        "total": 100.00053691595475
    }
}