{
    "counter": {
        "ACTIVE": 1955,
        "INACTIVE": 4,
        "INVALID": 0,
        "MALICIOUS": 0,
        "SANE": 0,
        "VALID": 0,
        "total": 1959
    },
    "percentage": {
        "ACTIVE": 99.79581419091373,
        "INACTIVE": 1.3840830449826989,
        "INVALID": 0,
        "MALICIOUS": 0,
        "SANE": 0,
        "VALID": 0,
        "total": 101.17989723589643
    }
}