{
    "counter": {
        "ACTIVE": 2089,
        "INACTIVE": 1,
        "INVALID": 0,
        "MALICIOUS": 0,
        "SANE": 0,
        "VALID": 0,
        "total": 2090
    },
    "percentage": {
        "ACTIVE": 99.95215311004785,
        "INACTIVE": 0.12285012285012285,
        "INVALID": 0,
        "MALICIOUS": 0,
        "SANE": 0,
        "VALID": 0,
        "total": 100.07500323289797
    }
}