{
    "counter": {
        "ACTIVE": 2379,
        "INACTIVE": 8,
        "INVALID": 0,
        "MALICIOUS": 0,
        "SANE": 0,
        "VALID": 0,
        "total": 2387
    },
    "percentage": {
        "ACTIVE": 99.66485127775451,
        "INACTIVE": 0.8307372793354102,
        "INVALID": 0,
        "MALICIOUS": 0,
        "SANE": 0,
        "VALID": 0,
        "total": 100.49558855708992
    }
}