{
    "counter": {
        "ACTIVE": 1120,
        "INACTIVE": 2,
        "INVALID": 0,
        "MALICIOUS": 0,
        "SANE": 0,
        "VALID": 0,
        "total": 1122
    },
    "percentage": {
        "ACTIVE": 99.82174688057042,
        "INACTIVE": 0.19860973187686196,
        "INVALID": 0,
        "MALICIOUS": 0,
        "SANE": 0,
        "VALID": 0,
        "total": 100.02035661244727
    }
}