{
    "counter": {
        "ACTIVE": 2060,
        "INACTIVE": 1,
        "INVALID": 0,
        "MALICIOUS": 0,
        "SANE": 0,
        "VALID": 0,
        "total": 2061
    },
    "percentage": {
        "ACTIVE": 99.95147986414362,
        "INACTIVE": 0.10070493454179255,
        "INVALID": 0,
        "MALICIOUS": 0,
        "SANE": 0,
        "VALID": 0,
        "total": 100.05218479868542
    }
}