{
    "counter": {
        "ACTIVE": 2768,
        "INACTIVE": 1,
        "INVALID": 0,
        "MALICIOUS": 0,
        "SANE": 0,
        "VALID": 0,
        "total": 2769
    },
    "percentage": {
        "ACTIVE": 99.96388587937884,
        "INACTIVE": 0.10427528675703858,
        "INVALID": 0,
        "MALICIOUS": 0,
        "SANE": 0,
        "VALID": 0,
        "total": 100.06816116613588
    }
}