{
    "counter": {
        "ACTIVE": 908,
        "INACTIVE": 4,
        "INVALID": 0,
        "MALICIOUS": 0,
        "SANE": 0,
        "VALID": 0,
        "total": 912
    },
    "percentage": {
        "ACTIVE": 99.56140350877193,
        "INACTIVE": 0.48661800486618007,
        "INVALID": 0,
        "MALICIOUS": 0,
        "SANE": 0,
        "VALID": 0,
        "total": 100.0480215136381
    }
}