{
    "counter": {
        "ACTIVE": 1432,
        "INACTIVE": 3,
        "INVALID": 0,
        "MALICIOUS": 0,
        "SANE": 0,
        "VALID": 0,
        "total": 1435
    },
    "percentage": {
        "ACTIVE": 99.860529986053,
        "INACTIVE": 0.20905923344947736,
        "INVALID": 0,
        "MALICIOUS": 0,
        "SANE": 0,
        "VALID": 0,
        "total": 100.06958921950248
    }
}