{
    "counter": {
        "ACTIVE": 1402,
        "INACTIVE": 3,
        "INVALID": 0,
        "MALICIOUS": 0,
        "SANE": 0,
        "VALID": 0,
        "total": 1405
    },
    "percentage": {
        "ACTIVE": 99.7864768683274,
        "INACTIVE": 0.37735849056603776,
        "INVALID": 0,
        "MALICIOUS": 0,
        "SANE": 0,
        "VALID": 0,
        "total": 100.16383535889344
    }
}