{
    "counter": {
        "ACTIVE": 1723,
        "INACTIVE": 3,
        "INVALID": 0,
        "MALICIOUS": 0,
        "SANE": 0,
        "VALID": 0,
        "total": 1726
    },
    "percentage": {
        "ACTIVE": 99.82618771726536,
        "INACTIVE": 0.37735849056603776,
        "INVALID": 0,
        "MALICIOUS": 0,
        "SANE": 0,
        "VALID": 0,
        "total": 100.2035462078314
    }
}