{
    "counter": {
        "ACTIVE": 2491,
        "INACTIVE": 2,
        "INVALID": 0,
        "MALICIOUS": 0,
        "SANE": 0,
        "VALID": 0,
        "total": 2493
    },
    "percentage": {
        "ACTIVE": 99.91977537103891,
        "INACTIVE": 0.08061265618702136,
        "INVALID": 0,
        "MALICIOUS": 0,
        "SANE": 0,
        "VALID": 0,
        "total": 100.00038802722592
    }
}