{
    "counter": {
        "ACTIVE": 2524,
        "INACTIVE": 1,
        "INVALID": 0,
        "MALICIOUS": 0,
        "SANE": 0,
        "VALID": 0,
        "total": 2525
    },
    "percentage": {
        "ACTIVE": 99.96039603960396,
        "INACTIVE": 0.13192612137203166,
        "INVALID": 0,
        "MALICIOUS": 0,
        "SANE": 0,
        "VALID": 0,
        "total": 100.092322160976
    }
}