{
    "counter": {
        "ACTIVE": 2943,
        "INACTIVE": 1,
        "INVALID": 0,
        "MALICIOUS": 0,
        "SANE": 0,
        "VALID": 0,
        "total": 2944
    },
    "percentage": {
        "ACTIVE": 99.96603260869566,
        "INACTIVE": 0.17921146953405018,
        "INVALID": 0,
        "MALICIOUS": 0,
        "SANE": 0,
        "VALID": 0,
        "total": 100.14524407822971
    }
}