{
    "counter": {
        "ACTIVE": 3019,
        "INACTIVE": 1,
        "INVALID": 0,
        "MALICIOUS": 0,
        "SANE": 0,
        "VALID": 0,
        "total": 3020
    },
    "percentage": {
        "ACTIVE": 99.96688741721854,
        "INACTIVE": 0.10626992561105207,
        "INVALID": 0,
        "MALICIOUS": 0,
        "SANE": 0,
        "VALID": 0,
        "total": 100.0731573428296
    }
}