{
    "counter": {
        "ACTIVE": 3037,
        "INACTIVE": 3,
        "INVALID": 0,
        "MALICIOUS": 0,
        "SANE": 0,
        "VALID": 0,
        "total": 3040
    },
    "percentage": {
        "ACTIVE": 99.90131578947368,
        "INACTIVE": 0.20905923344947736,
        "INVALID": 0,
        "MALICIOUS": 0,
        "SANE": 0,
        "VALID": 0,
        "total": 100.11037502292317
    }
}