{
    "counter": {
        "ACTIVE": 1156,
        "INACTIVE": 1,
        "INVALID": 0,
        "MALICIOUS": 0,
        "SANE": 0,
        "VALID": 0,
        "total": 1157
    },
    "percentage": {
        "ACTIVE": 99.91356957649093,
        "INACTIVE": 0.10070493454179255,
        "INVALID": 0,
        "MALICIOUS": 0,
        "SANE": 0,
        "VALID": 0,
        "total": 100.01427451103272
    }
}