{
    "counter": {
        "ACTIVE": 2114,
        "INACTIVE": 2,
        "INVALID": 0,
        "MALICIOUS": 0,
        "SANE": 0,
        "VALID": 0,
        "total": 2116
    },
    "percentage": {
        "ACTIVE": 99.9054820415879,
        "INACTIVE": 0.13937282229965156,
        "INVALID": 0,
        "MALICIOUS": 0,
        "SANE": 0,
        "VALID": 0,
        "total": 100.04485486388755
    }
}