{
    "counter": {
        "ACTIVE": 1474,
        "INACTIVE": 2,
        "INVALID": 0,
        "MALICIOUS": 0,
        "SANE": 0,
        "VALID": 0,
        "total": 1476
    },
    "percentage": {
        "ACTIVE": 99.86449864498645,
        "INACTIVE": 0.2178649237472767,
        "INVALID": 0,
        "MALICIOUS": 0,
        "SANE": 0,
        "VALID": 0,
        "total": 100.08236356873373
    }
}