{
    "counter": {
        "ACTIVE": 2701,
        "INACTIVE": 3,
        "INVALID": 0,
        "MALICIOUS": 0,
        "SANE": 0,
        "VALID": 0,
        "total": 2704
    },
    "percentage": {
        "ACTIVE": 99.88905325443787,
        "INACTIVE": 0.37735849056603776,
        "INVALID": 0,
        "MALICIOUS": 0,
        "SANE": 0,
        "VALID": 0,
        "total": 100.26641174500391
    }
}