{
    "counter": {
        "ACTIVE": 1482,
        "INACTIVE": 1,
        "INVALID": 0,
        "MALICIOUS": 0,
        "SANE": 0,
        "VALID": 0,
        "total": 1483
    },
    "percentage": {
        "ACTIVE": 99.93256911665543,
        "INACTIVE": 0.3448275862068966,
        "INVALID": 0,
        "MALICIOUS": 0,
        "SANE": 0,
        "VALID": 0,
        "total": 100.27739670286232
    }
}