{
    "counter": {
        "ACTIVE": 2101,
        "INACTIVE": 1,
        "INVALID": 0,
        "MALICIOUS": 0,
        "SANE": 0,
        "VALID": 0,
        "total": 2102
    },
    "percentage": {
        "ACTIVE": 99.95242626070409,
        "INACTIVE": 0.05555555555555555,
        "INVALID": 0,
        "MALICIOUS": 0,
        "SANE": 0,
        "VALID": 0,
        "total": 100.00798181625964
    }
}