{
    "counter": {
        "ACTIVE": 2808,
        "INACTIVE": 1,
        "INVALID": 0,
        "MALICIOUS": 0,
        "SANE": 0,
        "VALID": 0,
        "total": 2809
    },
    "percentage": {
        "ACTIVE": 99.96440014239943,
        "INACTIVE": 0.06954102920723226,
        "INVALID": 0,
        "MALICIOUS": 0,
        "SANE": 0,
        "VALID": 0,
        "total": 100.03394117160666
    }
}