{
    "counter": {
        "ACTIVE": 1290,
        "INACTIVE": 1,
        "INVALID": 0,
        "MALICIOUS": 0,
        "SANE": 0,
        "VALID": 0,
        "total": 1291
    },
    "percentage": {
        "ACTIVE": 99.92254066615027,
        "INACTIVE": 0.1001001001001001,
        "INVALID": 0,
        "MALICIOUS": 0,
        "SANE": 0,
        "VALID": 0,
        "total": 100.02264076625038
    }
}