{
    "counter": {
        "ACTIVE": 1801,
        "INACTIVE": 2,
        "INVALID": 0,
        "MALICIOUS": 0,
        "SANE": 0,
        "VALID": 0,
        "total": 1803
    },
    "percentage": {
        "ACTIVE": 99.88907376594564,
        "INACTIVE": 0.19723865877712032,
        "INVALID": 0,
        "MALICIOUS": 0,
        "SANE": 0,
        "VALID": 0,
        "total": 100.08631242472276
    }
}