{
    "counter": {
        "ACTIVE": 1424,
        "INACTIVE": 1,
        "INVALID": 0,
        "MALICIOUS": 0,
        "SANE": 0,
        "VALID": 0,
        "total": 1425
    },
    "percentage": {
        "ACTIVE": 99.9298245614035,
        "INACTIVE": 0.08361204013377926,
        "INVALID": 0,
        "MALICIOUS": 0,
        "SANE": 0,
        "VALID": 0,
        "total": 100.01343660153728
    }
}