{
    "counter": {
        "ACTIVE": 1788,
        "INACTIVE": 1,
        "INVALID": 0,
        "MALICIOUS": 0,
        "SANE": 0,
        "VALID": 0,
        "total": 1789
    },
    "percentage": {
        "ACTIVE": 99.94410285075462,
        "INACTIVE": 0.4830917874396135,
        "INVALID": 0,
        "MALICIOUS": 0,
        "SANE": 0,
        "VALID": 0,
        "total": 100.42719463819424
    }
}