{
    "counter": {
        "ACTIVE": 903,
        "INACTIVE": 2,
        "INVALID": 0,
        "MALICIOUS": 0,
        "SANE": 0,
        "VALID": 0,
        "total": 905
    },
    "percentage": {
        "ACTIVE": 99.77900552486187,
        "INACTIVE": 0.35778175313059035,
        "INVALID": 0,
        "MALICIOUS": 0,
        "SANE": 0,
        "VALID": 0,
        "total": 100.13678727799247
    }
}