{
    "counter": {
        "ACTIVE": 3032,
        "INACTIVE": 7,
        "INVALID": 0,
        "MALICIOUS": 0,
        "SANE": 0,
        "VALID": 0,
        "total": 3039
    },
    "percentage": {
        "ACTIVE": 99.76966107272129,
        "INACTIVE": 0.3856749311294766,
        "INVALID": 0,
        "MALICIOUS": 0,
        "SANE": 0,
        "VALID": 0,
        "total": 100.15533600385076
    }
}