{
    "counter": {
        "ACTIVE": 1813,
        "INACTIVE": 1,
        "INVALID": 0,
        "MALICIOUS": 0,
        "SANE": 0,
        "VALID": 0,
        "total": 1814
    },
    "percentage": {
        "ACTIVE": 99.94487320837928,
        "INACTIVE": 0.3448275862068966,
        "INVALID": 0,
        "MALICIOUS": 0,
        "SANE": 0,
        "VALID": 0,
        "total": 100.28970079458617
    }
}