{
    "counter": {
        "ACTIVE": 1161,
        "INACTIVE": 1,
        "INVALID": 0,
        "MALICIOUS": 0,
        "SANE": 0,
        "VALID": 0,
        "total": 1162
    },
    "percentage": {
        "ACTIVE": 99.91394148020655,
        "INACTIVE": 0.0970873786407767,
        "INVALID": 0,
        "MALICIOUS": 0,
        "SANE": 0,
        "VALID": 0,
        "total": 100.01102885884733
    }
}