{
    "counter": {
        "ACTIVE": 1873,
        "INACTIVE": 1,
        "INVALID": 0,
        "MALICIOUS": 0,
        "SANE": 0,
        "VALID": 0,
        "total": 1874
    },
    "percentage": {
        "ACTIVE": 99.94663820704376,
        "INACTIVE": 0.11918951132300358,
        "INVALID": 0,
        "MALICIOUS": 0,
        "SANE": 0,
        "VALID": 0,
        "total": 100.06582771836676
    }
}