{
    "counter": {
        "ACTIVE": 1930,
        "INACTIVE": 1,
        "INVALID": 0,
        "MALICIOUS": 0,
        "SANE": 0,
        "VALID": 0,
        "total": 1931
    },
    "percentage": {
        "ACTIVE": 99.94821336095288,
        "INACTIVE": 0.10626992561105207,
        "INVALID": 0,
        "MALICIOUS": 0,
        "SANE": 0,
        "VALID": 0,
        "total": 100.05448328656394
    }
}