{
    "counter": {
        "ACTIVE": 1760,
        "INACTIVE": 1,
        "INVALID": 0,
        "MALICIOUS": 0,
        "SANE": 0,
        "VALID": 0,
        "total": 1761
    },
    "percentage": {
        "ACTIVE": 99.94321408290745,
        "INACTIVE": 0.08361204013377926,
        "INVALID": 0,
        "MALICIOUS": 0,
        "SANE": 0,
        "VALID": 0,
        "total": 100.02682612304122
    }
}