{
    "counter": {
        "ACTIVE": 2751,
        "INACTIVE": 1,
        "INVALID": 0,
        "MALICIOUS": 0,
        "SANE": 0,
        "VALID": 0,
        "total": 2752
    },
    "percentage": {
        "ACTIVE": 99.96366279069767,
        "INACTIVE": 0.051308363263211906,
        "INVALID": 0,
        "MALICIOUS": 0,
        "SANE": 0,
        "VALID": 0,
        "total": 100.01497115396089
    }
}