{
    "counter": {
        "ACTIVE": 3030,
        "INACTIVE": 128,
        "INVALID": 2,
        "MALICIOUS": 0,
        "SANE": 0,
        "VALID": 0,
        "total": 3160
    },
    "percentage": {
        "ACTIVE": 95.88607594936708,
        "INACTIVE": 4.178909565785178,
        "INVALID": 0.4158004158004158,
        "MALICIOUS": 0,
        "SANE": 0,
        "VALID": 0,
        "total": 100.48078593095268
    }
}