{
    "counter": {
        "ACTIVE": 338,
        "INACTIVE": 1,
        "INVALID": 0,
        "MALICIOUS": 0,
        "SANE": 0,
        "VALID": 0,
        "total": 339
    },
    "percentage": {
        "ACTIVE": 99.70501474926253,
        "INACTIVE": 0.5434782608695652,
        "INVALID": 0,
        "MALICIOUS": 0,
        "SANE": 0,
        "VALID": 0,
        "total": 100.2484930101321
    }
}