{
    "counter": {
        "ACTIVE": 3021,
        "INACTIVE": 3,
        "INVALID": 0,
        "MALICIOUS": 0,
        "SANE": 0,
        "VALID": 0,
        "total": 3024
    },
    "percentage": {
        "ACTIVE": 99.90079365079364,
        "INACTIVE": 0.37735849056603776,
        "INVALID": 0,
        "MALICIOUS": 0,
        "SANE": 0,
        "VALID": 0,
        "total": 100.27815214135968
    }
}