{
    "counter": {
        "ACTIVE": 1272,
        "INACTIVE": 2,
        "INVALID": 0,
        "MALICIOUS": 0,
        "SANE": 0,
        "VALID": 0,
        "total": 1274
    },
    "percentage": {
        "ACTIVE": 99.84301412872841,
        "INACTIVE": 0.35778175313059035,
        "INVALID": 0,
        "MALICIOUS": 0,
        "SANE": 0,
        "VALID": 0,
        "total": 100.20079588185901
    }
}