{
    "counter": {
        "ACTIVE": 2438,
        "INACTIVE": 2,
        "INVALID": 0,
        "MALICIOUS": 0,
        "SANE": 0,
        "VALID": 0,
        "total": 2440
    },
    "percentage": {
        "ACTIVE": 99.91803278688525,
        "INACTIVE": 0.35778175313059035,
        "INVALID": 0,
        "MALICIOUS": 0,
        "SANE": 0,
        "VALID": 0,
        "total": 100.27581454001584
    }
}