{
    "counter": {
        "ACTIVE": 852,
        "INACTIVE": 1,
        "INVALID": 0,
        "MALICIOUS": 0,
        "SANE": 0,
        "VALID": 0,
        "total": 853
    },
    "percentage": {
        "ACTIVE": 99.88276670574443,
        "INACTIVE": 0.12285012285012285,
        "INVALID": 0,
        "MALICIOUS": 0,
        "SANE": 0,
        "VALID": 0,
        "total": 100.00561682859455
    }
}