{
    "counter": {
        "ACTIVE": 3015,
        "INACTIVE": 1,
        "INVALID": 0,
        "MALICIOUS": 0,
        "SANE": 0,
        "VALID": 0,
        "total": 3016
    },
    "percentage": {
        "ACTIVE": 99.96684350132627,
        "INACTIVE": 0.051308363263211906,
        "INVALID": 0,
        "MALICIOUS": 0,
        "SANE": 0,
        "VALID": 0,
        "total": 100.01815186458948
    }
}