{
    "counter": {
        "ACTIVE": 3016,
        "INACTIVE": 2,
        "INVALID": 0,
        "MALICIOUS": 0,
        "SANE": 0,
        "VALID": 0,
        "total": 3018
    },
    "percentage": {
        "ACTIVE": 99.93373094764745,
        "INACTIVE": 0.35778175313059035,
        "INVALID": 0,
        "MALICIOUS": 0,
        "SANE": 0,
        "VALID": 0,
        "total": 100.29151270077804
    }
}