{
    "counter": {
        "ACTIVE": 2447,
        "INACTIVE": 3,
        "INVALID": 0,
        "MALICIOUS": 0,
        "SANE": 0,
        "VALID": 0,
        "total": 2450
    },
    "percentage": {
        "ACTIVE": 99.87755102040816,
        "INACTIVE": 0.16519823788546256,
        "INVALID": 0,
        "MALICIOUS": 0,
        "SANE": 0,
        "VALID": 0,
        "total": 100.04274925829363
    }
}