{
    "counter": {
        "ACTIVE": 2484,
        "INACTIVE": 2,
        "INVALID": 0,
        "MALICIOUS": 0,
        "SANE": 0,
        "VALID": 0,
        "total": 2486
    },
    "percentage": {
        "ACTIVE": 99.9195494770716,
        "INACTIVE": 0.19723865877712032,
        "INVALID": 0,
        "MALICIOUS": 0,
        "SANE": 0,
        "VALID": 0,
        "total": 100.11678813584872
    }
}