{
    "counter": {
        "ACTIVE": 2574,
        "INACTIVE": 1,
        "INVALID": 0,
        "MALICIOUS": 0,
        "SANE": 0,
        "VALID": 0,
        "total": 2575
    },
    "percentage": {
        "ACTIVE": 99.96116504854369,
        "INACTIVE": 0.09380863039399624,
        "INVALID": 0,
        "MALICIOUS": 0,
        "SANE": 0,
        "VALID": 0,
        "total": 100.05497367893769
    }
}