{
    "counter": {
        "ACTIVE": 2532,
        "INACTIVE": 1,
        "INVALID": 0,
        "MALICIOUS": 0,
        "SANE": 0,
        "VALID": 0,
        "total": 2533
    },
    "percentage": {
        "ACTIVE": 99.96052112120016,
        "INACTIVE": 0.09852216748768473,
        "INVALID": 0,
        "MALICIOUS": 0,
        "SANE": 0,
        "VALID": 0,
        "total": 100.05904328868785
    }
}