{
    "counter": {
        "ACTIVE": 1510,
        "INACTIVE": 1,
        "INVALID": 0,
        "MALICIOUS": 0,
        "SANE": 0,
        "VALID": 0,
        "total": 1511
    },
    "percentage": {
        "ACTIVE": 99.93381866313699,
        "INACTIVE": 0.09852216748768473,
        "INVALID": 0,
        "MALICIOUS": 0,
        "SANE": 0,
        "VALID": 0,
        "total": 100.03234083062468
    }
}