{
    "counter": {
        "ACTIVE": 788,
        "INACTIVE": 1,
        "INVALID": 0,
        "MALICIOUS": 0,
        "SANE": 0,
        "VALID": 0,
        "total": 789
    },
    "percentage": {
        "ACTIVE": 99.87325728770595,
        "INACTIVE": 0.4830917874396135,
        "INVALID": 0,
        "MALICIOUS": 0,
        "SANE": 0,
        "VALID": 0,
        "total": 100.35634907514557
    }
}