{
    "counter": {
        "ACTIVE": 2102,
        "INACTIVE": 1,
        "INVALID": 0,
        "MALICIOUS": 0,
        "SANE": 0,
        "VALID": 0,
        "total": 2103
    },
    "percentage": {
        "ACTIVE": 99.95244888254874,
        "INACTIVE": 0.1182033096926714,
        "INVALID": 0,
        "MALICIOUS": 0,
        "SANE": 0,
        "VALID": 0,
        "total": 100.07065219224141
    }
}