{
    "counter": {
        "ACTIVE": 2266,
        "INACTIVE": 1,
        "INVALID": 0,
        "MALICIOUS": 0,
        "SANE": 0,
        "VALID": 0,
        "total": 2267
    },
    "percentage": {
        "ACTIVE": 99.9558888398765,
        "INACTIVE": 0.11918951132300358,
        "INVALID": 0,
        "MALICIOUS": 0,
        "SANE": 0,
        "VALID": 0,
        "total": 100.0750783511995
    }
}