{
    "counter": {
        "ACTIVE": 2148,
        "INACTIVE": 4,
        "INVALID": 0,
        "MALICIOUS": 0,
        "SANE": 0,
        "VALID": 0,
        "total": 2152
    },
    "percentage": {
        "ACTIVE": 99.81412639405204,
        "INACTIVE": 0.37593984962406013,
        "INVALID": 0,
        "MALICIOUS": 0,
        "SANE": 0,
        "VALID": 0,
        "total": 100.1900662436761
    }
}