{
    "counter": {
        "ACTIVE": 1760,
        "INACTIVE": 1,
        "INVALID": 0,
        "MALICIOUS": 0,
        "SANE": 0,
        "VALID": 0,
        "total": 1761
    },
    "percentage": {
        "ACTIVE": 99.94321408290745,
        "INACTIVE": 0.1001001001001001,
        "INVALID": 0,
        "MALICIOUS": 0,
        "SANE": 0,
        "VALID": 0,
        "total": 100.04331418300755
    }
}