{
    "counter": {
        "ACTIVE": 1799,
        "INACTIVE": 6,
        "INVALID": 0,
        "MALICIOUS": 0,
        "SANE": 0,
        "VALID": 0,
        "total": 1805
    },
    "percentage": {
        "ACTIVE": 99.66759002770083,
        "INACTIVE": 0.3811944091486658,
        "INVALID": 0,
        "MALICIOUS": 0,
        "SANE": 0,
        "VALID": 0,
        "total": 100.04878443684949
    }
}