{
    "counter": {
        "ACTIVE": 226,
        "INACTIVE": 37,
        "INVALID": 6,
        "MALICIOUS": 0,
        "SANE": 0,
        "VALID": 0,
        "total": 269
    },
    "percentage": {
        "ACTIVE": 84.01486988847584,
        "INACTIVE": 13.754646840148698,
        "INVALID": 2.2304832713754648,
        "MALICIOUS": 0.0,
        "SANE": 0.0,
        "VALID": 0.0,
        "total": 100.0
    }
}