{
    "counter": {
        "ACTIVE": 1829,
        "INACTIVE": 1,
        "INVALID": 0,
        "MALICIOUS": 0,
        "SANE": 0,
        "VALID": 0,
        "total": 1830
    },
    "percentage": {
        "ACTIVE": 99.94535519125684,
        "INACTIVE": 0.0970873786407767,
        "INVALID": 0,
        "MALICIOUS": 0,
        "SANE": 0,
        "VALID": 0,
        "total": 100.04244256989762
    }
}