{
    "counter": {
        "ACTIVE": 2587,
        "INACTIVE": 2,
        "INVALID": 0,
        "MALICIOUS": 0,
        "SANE": 0,
        "VALID": 0,
        "total": 2589
    },
    "percentage": {
        "ACTIVE": 99.92275009656238,
        "INACTIVE": 0.08159934720522236,
        "INVALID": 0,
        "MALICIOUS": 0,
        "SANE": 0,
        "VALID": 0,
        "total": 100.00434944376761
    }
}