{
    "counter": {
        "ACTIVE": 2942,
        "INACTIVE": 1,
        "INVALID": 0,
        "MALICIOUS": 0,
        "SANE": 0,
        "VALID": 0,
        "total": 2943
    },
    "percentage": {
        "ACTIVE": 99.9660210669385,
        "INACTIVE": 0.10626992561105207,
        "INVALID": 0,
        "MALICIOUS": 0,
        "SANE": 0,
        "VALID": 0,
        "total": 100.07229099254955
    }
}