{
    "counter": {
        "ACTIVE": 791,
        "INACTIVE": 2,
        "INVALID": 0,
        "MALICIOUS": 0,
        "SANE": 0,
        "VALID": 0,
        "total": 793
    },
    "percentage": {
        "ACTIVE": 99.74779319041615,
        "INACTIVE": 0.35778175313059035,
        "INVALID": 0,
        "MALICIOUS": 0,
        "SANE": 0,
        "VALID": 0,
        "total": 100.10557494354674
    }
}