{
    "counter": {
        "ACTIVE": 2943,
        "INACTIVE": 1,
        "INVALID": 0,
        "MALICIOUS": 0,
        "SANE": 0,
        "VALID": 0,
        "total": 2944
    },
    "percentage": {
        "ACTIVE": 99.96603260869566,
        "INACTIVE": 0.1006036217303823,
        "INVALID": 0,
        "MALICIOUS": 0,
        "SANE": 0,
        "VALID": 0,
        "total": 100.06663623042604
    }
}