{
    "counter": {
        "ACTIVE": 1488,
        "INACTIVE": 3,
        "INVALID": 0,
        "MALICIOUS": 0,
        "SANE": 0,
        "VALID": 0,
        "total": 1491
    },
    "percentage": {
        "ACTIVE": 99.79879275653923,
        "INACTIVE": 0.2918287937743191,
        "INVALID": 0,
        "MALICIOUS": 0,
        "SANE": 0,
        "VALID": 0,
        "total": 100.09062155031354
    }
}