{
    "counter": {
        "ACTIVE": 1132,
        "INACTIVE": 1,
        "INVALID": 0,
        "MALICIOUS": 0,
        "SANE": 0,
        "VALID": 0,
        "total": 1133
    },
    "percentage": {
        "ACTIVE": 99.9117387466902,
        "INACTIVE": 0.09852216748768473,
        "INVALID": 0,
        "MALICIOUS": 0,
        "SANE": 0,
        "VALID": 0,
        "total": 100.01026091417789
    }
}