{
    "counter": {
        "ACTIVE": 996,
        "INACTIVE": 3,
        "INVALID": 0,
        "MALICIOUS": 0,
        "SANE": 0,
        "VALID": 0,
        "total": 999
    },
    "percentage": {
        "ACTIVE": 99.69969969969969,
        "INACTIVE": 0.37735849056603776,
        "INVALID": 0,
        "MALICIOUS": 0,
        "SANE": 0,
        "VALID": 0,
        "total": 100.07705819026573
    }
}