{
    "counter": {
        "ACTIVE": 1440,
        "INACTIVE": 2,
        "INVALID": 0,
        "MALICIOUS": 0,
        "SANE": 0,
        "VALID": 0,
        "total": 1442
    },
    "percentage": {
        "ACTIVE": 99.86130374479889,
        "INACTIVE": 0.16863406408094436,
        "INVALID": 0,
        "MALICIOUS": 0,
        "SANE": 0,
        "VALID": 0,
        "total": 100.02993780887984
    }
}