{
    "counter": {
        "ACTIVE": 2260,
        "INACTIVE": 1,
        "INVALID": 0,
        "MALICIOUS": 0,
        "SANE": 0,
        "VALID": 0,
        "total": 2261
    },
    "percentage": {
        "ACTIVE": 99.95577178239716,
        "INACTIVE": 0.1001001001001001,
        "INVALID": 0,
        "MALICIOUS": 0,
        "SANE": 0,
        "VALID": 0,
        "total": 100.05587188249727
    }
}