{
    "counter": {
        "ACTIVE": 1906,
        "INACTIVE": 1,
        "INVALID": 0,
        "MALICIOUS": 0,
        "SANE": 0,
        "VALID": 0,
        "total": 1907
    },
    "percentage": {
        "ACTIVE": 99.94756161510226,
        "INACTIVE": 0.17921146953405018,
        "INVALID": 0,
        "MALICIOUS": 0,
        "SANE": 0,
        "VALID": 0,
        "total": 100.12677308463631
    }
}