{
    "counter": {
        "ACTIVE": 2812,
        "INACTIVE": 1,
        "INVALID": 0,
        "MALICIOUS": 0,
        "SANE": 0,
        "VALID": 0,
        "total": 2813
    },
    "percentage": {
        "ACTIVE": 99.96445076430857,
        "INACTIVE": 0.07757951900698215,
        "INVALID": 0,
        "MALICIOUS": 0,
        "SANE": 0,
        "VALID": 0,
        "total": 100.04203028331555
    }
}