{
    "counter": {
        "ACTIVE": 2782,
        "INACTIVE": 1,
        "INVALID": 0,
        "MALICIOUS": 0,
        "SANE": 0,
        "VALID": 0,
        "total": 2783
    },
    "percentage": {
        "ACTIVE": 99.96406755300036,
        "INACTIVE": 0.07418397626112759,
        "INVALID": 0,
        "MALICIOUS": 0,
        "SANE": 0,
        "VALID": 0,
        "total": 100.03825152926149
    }
}