{
    "counter": {
        "ACTIVE": 1921,
        "INACTIVE": 1,
        "INVALID": 0,
        "MALICIOUS": 0,
        "SANE": 0,
        "VALID": 0,
        "total": 1922
    },
    "percentage": {
        "ACTIVE": 99.94797086368366,
        "INACTIVE": 0.08361204013377926,
        "INVALID": 0,
        "MALICIOUS": 0,
        "SANE": 0,
        "VALID": 0,
        "total": 100.03158290381744
    }
}