{
    "counter": {
        "ACTIVE": 2251,
        "INACTIVE": 1,
        "INVALID": 0,
        "MALICIOUS": 0,
        "SANE": 0,
        "VALID": 0,
        "total": 2252
    },
    "percentage": {
        "ACTIVE": 99.95559502664298,
        "INACTIVE": 0.09380863039399624,
        "INVALID": 0,
        "MALICIOUS": 0,
        "SANE": 0,
        "VALID": 0,
        "total": 100.04940365703698
    }
}