{
    "counter": {
        "ACTIVE": 1470,
        "INACTIVE": 1,
        "INVALID": 0,
        "MALICIOUS": 0,
        "SANE": 0,
        "VALID": 0,
        "total": 1471
    },
    "percentage": {
        "ACTIVE": 99.93201903467029,
        "INACTIVE": 0.07564296520423601,
        "INVALID": 0,
        "MALICIOUS": 0,
        "SANE": 0,
        "VALID": 0,
        "total": 100.00766199987453
    }
}