{
    "counter": {
        "ACTIVE": 3042,
        "INACTIVE": 1,
        "INVALID": 0,
        "MALICIOUS": 0,
        "SANE": 0,
        "VALID": 0,
        "total": 3043
    },
    "percentage": {
        "ACTIVE": 99.96713769306605,
        "INACTIVE": 0.07507507507507508,
        "INVALID": 0,
        "MALICIOUS": 0,
        "SANE": 0,
        "VALID": 0,
        "total": 100.04221276814113
    }
}