{
    "counter": {
        "ACTIVE": 2859,
        "INACTIVE": 1,
        "INVALID": 0,
        "MALICIOUS": 0,
        "SANE": 0,
        "VALID": 0,
        "total": 2860
    },
    "percentage": {
        "ACTIVE": 99.96503496503496,
        "INACTIVE": 0.07575757575757576,
        "INVALID": 0,
        "MALICIOUS": 0,
        "SANE": 0,
        "VALID": 0,
        "total": 100.04079254079254
    }
}