{
    "counter": {
        "ACTIVE": 1422,
        "INACTIVE": 1,
        "INVALID": 0,
        "MALICIOUS": 0,
        "SANE": 0,
        "VALID": 0,
        "total": 1423
    },
    "percentage": {
        "ACTIVE": 99.92972593113141,
        "INACTIVE": 0.5434782608695652,
        "INVALID": 0,
        "MALICIOUS": 0,
        "SANE": 0,
        "VALID": 0,
        "total": 100.47320419200098
    }
}