{
    "counter": {
        "ACTIVE": 1895,
        "INACTIVE": 1,
        "INVALID": 0,
        "MALICIOUS": 0,
        "SANE": 0,
        "VALID": 0,
        "total": 1896
    },
    "percentage": {
        "ACTIVE": 99.94725738396625,
        "INACTIVE": 0.10070493454179255,
        "INVALID": 0,
        "MALICIOUS": 0,
        "SANE": 0,
        "VALID": 0,
        "total": 100.04796231850804
    }
}