{
    "counter": {
        "ACTIVE": 891,
        "INACTIVE": 3,
        "INVALID": 0,
        "MALICIOUS": 0,
        "SANE": 0,
        "VALID": 0,
        "total": 894
    },
    "percentage": {
        "ACTIVE": 99.66442953020135,
        "INACTIVE": 0.35294117647058826,
        "INVALID": 0,
        "MALICIOUS": 0,
        "SANE": 0,
        "VALID": 0,
        "total": 100.01737070667194
    }
}