{
    "counter": {
        "ACTIVE": 2510,
        "INACTIVE": 1,
        "INVALID": 0,
        "MALICIOUS": 0,
        "SANE": 0,
        "VALID": 0,
        "total": 2511
    },
    "percentage": {
        "ACTIVE": 99.96017522899243,
        "INACTIVE": 0.05149330587023687,
        "INVALID": 0,
        "MALICIOUS": 0,
        "SANE": 0,
        "VALID": 0,
        "total": 100.01166853486266
    }
}