{
    "counter": {
        "ACTIVE": 1782,
        "INACTIVE": 2,
        "INVALID": 0,
        "MALICIOUS": 0,
        "SANE": 0,
        "VALID": 0,
        "total": 1784
    },
    "percentage": {
        "ACTIVE": 99.88789237668162,
        "INACTIVE": 0.16863406408094436,
        "INVALID": 0,
        "MALICIOUS": 0,
        "SANE": 0,
        "VALID": 0,
        "total": 100.05652644076257
    }
}