{
    "counter": {
        "ACTIVE": 2152,
        "INACTIVE": 2,
        "INVALID": 0,
        "MALICIOUS": 0,
        "SANE": 0,
        "VALID": 0,
        "total": 2154
    },
    "percentage": {
        "ACTIVE": 99.9071494893222,
        "INACTIVE": 0.2178649237472767,
        "INVALID": 0,
        "MALICIOUS": 0,
        "SANE": 0,
        "VALID": 0,
        "total": 100.12501441306947
    }
}