{
    "counter": {
        "ACTIVE": 2902,
        "INACTIVE": 1,
        "INVALID": 0,
        "MALICIOUS": 0,
        "SANE": 0,
        "VALID": 0,
        "total": 2903
    },
    "percentage": {
        "ACTIVE": 99.96555287633483,
        "INACTIVE": 0.5434782608695652,
        "INVALID": 0,
        "MALICIOUS": 0,
        "SANE": 0,
        "VALID": 0,
        "total": 100.50903113720439
    }
}