{
    "counter": {
        "ACTIVE": 789,
        "INACTIVE": 1,
        "INVALID": 0,
        "MALICIOUS": 0,
        "SANE": 0,
        "VALID": 0,
        "total": 790
    },
    "percentage": {
        "ACTIVE": 99.87341772151899,
        "INACTIVE": 0.3448275862068966,
        "INVALID": 0,
        "MALICIOUS": 0,
        "SANE": 0,
        "VALID": 0,
        "total": 100.21824530772588
    }
}