{
    "counter": {
        "ACTIVE": 250,
        "INACTIVE": 1,
        "INVALID": 0,
        "MALICIOUS": 0,
        "SANE": 0,
        "VALID": 0,
        "total": 251
    },
    "percentage": {
        "ACTIVE": 99.60159362549801,
        "INACTIVE": 0.8264462809917356,
        "INVALID": 0,
        "MALICIOUS": 0,
        "SANE": 0,
        "VALID": 0,
        "total": 100.42803990648974
    }
}