{
    "counter": {
        "ACTIVE": 3039,
        "INACTIVE": 3,
        "INVALID": 0,
        "MALICIOUS": 0,
        "SANE": 0,
        "VALID": 0,
        "total": 3042
    },
    "percentage": {
        "ACTIVE": 99.90138067061145,
        "INACTIVE": 0.2329192546583851,
        "INVALID": 0,
        "MALICIOUS": 0,
        "SANE": 0,
        "VALID": 0,
        "total": 100.13429992526983
    }
}