{
    "counter": {
        "ACTIVE": 2943,
        "INACTIVE": 1,
        "INVALID": 0,
        "MALICIOUS": 0,
        "SANE": 0,
        "VALID": 0,
        "total": 2944
    },
    "percentage": {
        "ACTIVE": 99.96603260869566,
        "INACTIVE": 0.4830917874396135,
        "INVALID": 0,
        "MALICIOUS": 0,
        "SANE": 0,
        "VALID": 0,
        "total": 100.44912439613528
    }
}