{
    "counter": {
        "ACTIVE": 2592,
        "INACTIVE": 1,
        "INVALID": 0,
        "MALICIOUS": 0,
        "SANE": 0,
        "VALID": 0,
        "total": 2593
    },
    "percentage": {
        "ACTIVE": 99.96143463170073,
        "INACTIVE": 0.17921146953405018,
        "INVALID": 0,
        "MALICIOUS": 0,
        "SANE": 0,
        "VALID": 0,
        "total": 100.14064610123478
    }
}