{
    "counter": {
        "ACTIVE": 2332,
        "INACTIVE": 110,
        "INVALID": 2,
        "MALICIOUS": 0,
        "SANE": 0,
        "VALID": 0,
        "total": 2444
    },
    "percentage": {
        "ACTIVE": 95.41734860883797,
        "INACTIVE": 4.536082474226804,
        "INVALID": 0.4158004158004158,
        "MALICIOUS": 0,
        "SANE": 0,
        "VALID": 0,
        "total": 100.36923149886519
    }
}