{
    "counter": {
        "ACTIVE": 2447,
        "INACTIVE": 1,
        "INVALID": 0,
        "MALICIOUS": 0,
        "SANE": 0,
        "VALID": 0,
        "total": 2448
    },
    "percentage": {
        "ACTIVE": 99.95915032679738,
        "INACTIVE": 0.1001001001001001,
        "INVALID": 0,
        "MALICIOUS": 0,
        "SANE": 0,
        "VALID": 0,
        "total": 100.05925042689749
    }
}