{
    "counter": {
        "ACTIVE": 2698,
        "INACTIVE": 4,
        "INVALID": 0,
        "MALICIOUS": 0,
        "SANE": 0,
        "VALID": 0,
        "total": 2702
    },
    "percentage": {
        "ACTIVE": 99.85196150999259,
        "INACTIVE": 0.42328042328042326,
        "INVALID": 0,
        "MALICIOUS": 0,
        "SANE": 0,
        "VALID": 0,
        "total": 100.27524193327301
    }
}