{
    "counter": {
        "ACTIVE": 1486,
        "INACTIVE": 4,
        "INVALID": 0,
        "MALICIOUS": 0,
        "SANE": 0,
        "VALID": 0,
        "total": 1490
    },
    "percentage": {
        "ACTIVE": 99.73154362416108,
        "INACTIVE": 0.37593984962406013,
        "INVALID": 0,
        "MALICIOUS": 0,
        "SANE": 0,
        "VALID": 0,
        "total": 100.10748347378514
    }
}