{
    "counter": {
        "ACTIVE": 2580,
        "INACTIVE": 4,
        "INVALID": 0,
        "MALICIOUS": 0,
        "SANE": 0,
        "VALID": 0,
        "total": 2584
    },
    "percentage": {
        "ACTIVE": 99.84520123839009,
        "INACTIVE": 0.42328042328042326,
        "INVALID": 0,
        "MALICIOUS": 0,
        "SANE": 0,
        "VALID": 0,
        "total": 100.2684816616705
    }
}