{
    "counter": {
        "ACTIVE": 2608,
        "INACTIVE": 119,
        "INVALID": 2,
        "MALICIOUS": 0,
        "SANE": 0,
        "VALID": 0,
        "total": 2729
    },
    "percentage": {
        "ACTIVE": 95.56614144375229,
        "INACTIVE": 4.36217008797654,
        "INVALID": 0.4158004158004158,
        "MALICIOUS": 0,
        "SANE": 0,
        "VALID": 0,
        "total": 100.34411194752924
    }
}