{
    "counter": {
        "ACTIVE": 2745,
        "INACTIVE": 2,
        "INVALID": 0,
        "MALICIOUS": 0,
        "SANE": 0,
        "VALID": 0,
        "total": 2747
    },
    "percentage": {
        "ACTIVE": 99.92719330178376,
        "INACTIVE": 0.35778175313059035,
        "INVALID": 0,
        "MALICIOUS": 0,
        "SANE": 0,
        "VALID": 0,
        "total": 100.28497505491436
    }
}