{
    "counter": {
        "ACTIVE": 2618,
        "INACTIVE": 1,
        "INVALID": 0,
        "MALICIOUS": 0,
        "SANE": 0,
        "VALID": 0,
        "total": 2619
    },
    "percentage": {
        "ACTIVE": 99.96181748759068,
        "INACTIVE": 0.10427528675703858,
        "INVALID": 0,
        "MALICIOUS": 0,
        "SANE": 0,
        "VALID": 0,
        "total": 100.06609277434772
    }
}