{
    "counter": {
        "ACTIVE": 2575,
        "INACTIVE": 1,
        "INVALID": 0,
        "MALICIOUS": 0,
        "SANE": 0,
        "VALID": 0,
        "total": 2576
    },
    "percentage": {
        "ACTIVE": 99.9611801242236,
        "INACTIVE": 0.10030090270812438,
        "INVALID": 0,
        "MALICIOUS": 0,
        "SANE": 0,
        "VALID": 0,
        "total": 100.06148102693173
    }
}