{
    "counter": {
        "ACTIVE": 2504,
        "INACTIVE": 1,
        "INVALID": 0,
        "MALICIOUS": 0,
        "SANE": 0,
        "VALID": 0,
        "total": 2505
    },
    "percentage": {
        "ACTIVE": 99.96007984031937,
        "INACTIVE": 0.07429420505200594,
        "INVALID": 0,
        "MALICIOUS": 0,
        "SANE": 0,
        "VALID": 0,
        "total": 100.03437404537138
    }
}