{
    "counter": {
        "ACTIVE": 1413,
        "INACTIVE": 3,
        "INVALID": 0,
        "MALICIOUS": 0,
        "SANE": 0,
        "VALID": 0,
        "total": 1416
    },
    "percentage": {
        "ACTIVE": 99.78813559322033,
        "INACTIVE": 0.2329192546583851,
        "INVALID": 0,
        "MALICIOUS": 0,
        "SANE": 0,
        "VALID": 0,
        "total": 100.02105484787872
    }
}