{
    "counter": {
        "ACTIVE": 2819,
        "INACTIVE": 1,
        "INVALID": 0,
        "MALICIOUS": 0,
        "SANE": 0,
        "VALID": 0,
        "total": 2820
    },
    "percentage": {
        "ACTIVE": 99.9645390070922,
        "INACTIVE": 0.03834355828220859,
        "INVALID": 0,
        "MALICIOUS": 0,
        "SANE": 0,
        "VALID": 0,
        "total": 100.0028825653744
    }
}