{
    "counter": {
        "ACTIVE": 3044,
        "INACTIVE": 1,
        "INVALID": 0,
        "MALICIOUS": 0,
        "SANE": 0,
        "VALID": 0,
        "total": 3045
    },
    "percentage": {
        "ACTIVE": 99.96715927750411,
        "INACTIVE": 0.12578616352201258,
        "INVALID": 0,
        "MALICIOUS": 0,
        "SANE": 0,
        "VALID": 0,
        "total": 100.09294544102612
    }
}