{
    "counter": {
        "ACTIVE": 2527,
        "INACTIVE": 1,
        "INVALID": 0,
        "MALICIOUS": 0,
        "SANE": 0,
        "VALID": 0,
        "total": 2528
    },
    "percentage": {
        "ACTIVE": 99.96044303797468,
        "INACTIVE": 0.5434782608695652,
        "INVALID": 0,
        "MALICIOUS": 0,
        "SANE": 0,
        "VALID": 0,
        "total": 100.50392129884425
    }
}