{
    "counter": {
        "ACTIVE": 1006,
        "INACTIVE": 1,
        "INVALID": 0,
        "MALICIOUS": 0,
        "SANE": 0,
        "VALID": 0,
        "total": 1007
    },
    "percentage": {
        "ACTIVE": 99.90069513406156,
        "INACTIVE": 0.10030090270812438,
        "INVALID": 0,
        "MALICIOUS": 0,
        "SANE": 0,
        "VALID": 0,
        "total": 100.00099603676969
    }
}