{
    "counter": {
        "ACTIVE": 2261,
        "INACTIVE": 1,
        "INVALID": 0,
        "MALICIOUS": 0,
        "SANE": 0,
        "VALID": 0,
        "total": 2262
    },
    "percentage": {
        "ACTIVE": 99.95579133510168,
        "INACTIVE": 0.1182033096926714,
        "INVALID": 0,
        "MALICIOUS": 0,
        "SANE": 0,
        "VALID": 0,
        "total": 100.07399464479435
    }
}