{
    "counter": {
        "ACTIVE": 1591,
        "INACTIVE": 1,
        "INVALID": 0,
        "MALICIOUS": 0,
        "SANE": 0,
        "VALID": 0,
        "total": 1592
    },
    "percentage": {
        "ACTIVE": 99.93718592964824,
        "INACTIVE": 0.4830917874396135,
        "INVALID": 0,
        "MALICIOUS": 0,
        "SANE": 0,
        "VALID": 0,
        "total": 100.42027771708786
    }
}