{
    "counter": {
        "ACTIVE": 2820,
        "INACTIVE": 1,
        "INVALID": 0,
        "MALICIOUS": 0,
        "SANE": 0,
        "VALID": 0,
        "total": 2821
    },
    "percentage": {
        "ACTIVE": 99.9645515774548,
        "INACTIVE": 0.06605019815059446,
        "INVALID": 0,
        "MALICIOUS": 0,
        "SANE": 0,
        "VALID": 0,
        "total": 100.03060177560539
    }
}