{
    "counter": {
        "ACTIVE": 3043,
        "INACTIVE": 2,
        "INVALID": 0,
        "MALICIOUS": 0,
        "SANE": 0,
        "VALID": 0,
        "total": 3045
    },
    "percentage": {
        "ACTIVE": 99.9343185550082,
        "INACTIVE": 0.08061265618702136,
        "INVALID": 0,
        "MALICIOUS": 0,
        "SANE": 0,
        "VALID": 0,
        "total": 100.01493121119522
    }
}