{
    "counter": {
        "ACTIVE": 1181,
        "INACTIVE": 4,
        "INVALID": 0,
        "MALICIOUS": 0,
        "SANE": 0,
        "VALID": 0,
        "total": 1185
    },
    "percentage": {
        "ACTIVE": 99.66244725738396,
        "INACTIVE": 0.42328042328042326,
        "INVALID": 0,
        "MALICIOUS": 0,
        "SANE": 0,
        "VALID": 0,
        "total": 100.08572768066438
    }
}