{
    "counter": {
        "ACTIVE": 1021,
        "INACTIVE": 1,
        "INVALID": 0,
        "MALICIOUS": 0,
        "SANE": 0,
        "VALID": 0,
        "total": 1022
    },
    "percentage": {
        "ACTIVE": 99.90215264187867,
        "INACTIVE": 0.1006036217303823,
        "INVALID": 0,
        "MALICIOUS": 0,
        "SANE": 0,
        "VALID": 0,
        "total": 100.00275626360906
    }
}