{
    "counter": {
        "ACTIVE": 1415,
        "INACTIVE": 2,
        "INVALID": 0,
        "MALICIOUS": 0,
        "SANE": 0,
        "VALID": 0,
        "total": 1417
    },
    "percentage": {
        "ACTIVE": 99.85885673959068,
        "INACTIVE": 0.35778175313059035,
        "INVALID": 0,
        "MALICIOUS": 0,
        "SANE": 0,
        "VALID": 0,
        "total": 100.21663849272127
    }
}