{
    "counter": {
        "ACTIVE": 3040,
        "INACTIVE": 2,
        "INVALID": 0,
        "MALICIOUS": 0,
        "SANE": 0,
        "VALID": 0,
        "total": 3042
    },
    "percentage": {
        "ACTIVE": 99.93425378040763,
        "INACTIVE": 0.13937282229965156,
        "INVALID": 0,
        "MALICIOUS": 0,
        "SANE": 0,
        "VALID": 0,
        "total": 100.07362660270728
    }
}