{
    "counter": {
        "ACTIVE": 2099,
        "INACTIVE": 1,
        "INVALID": 0,
        "MALICIOUS": 0,
        "SANE": 0,
        "VALID": 0,
        "total": 2100
    },
    "percentage": {
        "ACTIVE": 99.95238095238095,
        "INACTIVE": 0.10626992561105207,
        "INVALID": 0,
        "MALICIOUS": 0,
        "SANE": 0,
        "VALID": 0,
        "total": 100.05865087799201
    }
}