{
    "counter": {
        "ACTIVE": 1150,
        "INACTIVE": 2,
        "INVALID": 0,
        "MALICIOUS": 0,
        "SANE": 0,
        "VALID": 0,
        "total": 1152
    },
    "percentage": {
        "ACTIVE": 99.82638888888889,
        "INACTIVE": 0.21810250817884405,
        "INVALID": 0,
        "MALICIOUS": 0,
        "SANE": 0,
        "VALID": 0,
        "total": 100.04449139706773
    }
}