{
    "counter": {
        "ACTIVE": 1622,
        "INACTIVE": 4,
        "INVALID": 0,
        "MALICIOUS": 0,
        "SANE": 0,
        "VALID": 0,
        "total": 1626
    },
    "percentage": {
        "ACTIVE": 99.7539975399754,
        "INACTIVE": 1.3840830449826989,
        "INVALID": 0,
        "MALICIOUS": 0,
        "SANE": 0,
        "VALID": 0,
        "total": 101.1380805849581
    }
}