{
    "counter": {
        "ACTIVE": 1794,
        "INACTIVE": 87,
        "INVALID": 2,
        "MALICIOUS": 0,
        "SANE": 0,
        "VALID": 0,
        "total": 1883
    },
    "percentage": {
        "ACTIVE": 95.27349973446627,
        "INACTIVE": 4.64,
        "INVALID": 0.4158004158004158,
        "MALICIOUS": 0,
        "SANE": 0,
        "VALID": 0,
        "total": 100.32930015026669
    }
}