{
    "counter": {
        "ACTIVE": 576,
        "INACTIVE": 1,
        "INVALID": 0,
        "MALICIOUS": 0,
        "SANE": 0,
        "VALID": 0,
        "total": 577
    },
    "percentage": {
        "ACTIVE": 99.8266897746967,
        "INACTIVE": 0.7936507936507936,
        "INVALID": 0,
        "MALICIOUS": 0,
        "SANE": 0,
        "VALID": 0,
        "total": 100.6203405683475
    }
}