{
    "counter": {
        "ACTIVE": 3038,
        "INACTIVE": 2,
        "INVALID": 0,
        "MALICIOUS": 0,
        "SANE": 0,
        "VALID": 0,
        "total": 3040
    },
    "percentage": {
        "ACTIVE": 99.9342105263158,
        "INACTIVE": 0.19723865877712032,
        "INVALID": 0,
        "MALICIOUS": 0,
        "SANE": 0,
        "VALID": 0,
        "total": 100.13144918509292
    }
}