{
    "counter": {
        "ACTIVE": 2968,
        "INACTIVE": 7,
        "INVALID": 0,
        "MALICIOUS": 0,
        "SANE": 0,
        "VALID": 0,
        "total": 2975
    },
    "percentage": {
        "ACTIVE": 99.76470588235294,
        "INACTIVE": 0.3856749311294766,
        "INVALID": 0,
        "MALICIOUS": 0,
        "SANE": 0,
        "VALID": 0,
        "total": 100.15038081348241
    }
}