{
    "counter": {
        "ACTIVE": 795,
        "INACTIVE": 3,
        "INVALID": 0,
        "MALICIOUS": 0,
        "SANE": 0,
        "VALID": 0,
        "total": 798
    },
    "percentage": {
        "ACTIVE": 99.62406015037594,
        "INACTIVE": 0.5084745762711864,
        "INVALID": 0,
        "MALICIOUS": 0,
        "SANE": 0,
        "VALID": 0,
        "total": 100.13253472664712
    }
}