{
    "counter": {
        "ACTIVE": 1737,
        "INACTIVE": 17,
        "INVALID": 0,
        "MALICIOUS": 0,
        "SANE": 0,
        "VALID": 0,
        "total": 1754
    },
    "percentage": {
        "ACTIVE": 99.03078677309009,
        "INACTIVE": 1.0725552050473186,
        "INVALID": 0,
        "MALICIOUS": 0,
        "SANE": 0,
        "VALID": 0,
        "total": 100.10334197813741
    }
}