{
    "counter": {
        "ACTIVE": 590,
        "INACTIVE": 1,
        "INVALID": 0,
        "MALICIOUS": 0,
        "SANE": 0,
        "VALID": 0,
        "total": 591
    },
    "percentage": {
        "ACTIVE": 99.83079526226734,
        "INACTIVE": 0.5434782608695652,
        "INVALID": 0,
        "MALICIOUS": 0,
        "SANE": 0,
        "VALID": 0,
        "total": 100.3742735231369
    }
}