{
    "counter": {
        "ACTIVE": 3040,
        "INACTIVE": 1,
        "INVALID": 0,
        "MALICIOUS": 0,
        "SANE": 0,
        "VALID": 0,
        "total": 3041
    },
    "percentage": {
        "ACTIVE": 99.96711608023676,
        "INACTIVE": 0.06406149903907751,
        "INVALID": 0,
        "MALICIOUS": 0,
        "SANE": 0,
        "VALID": 0,
        "total": 100.03117757927585
    }
}