{
    "counter": {
        "ACTIVE": 2958,
        "INACTIVE": 3,
        "INVALID": 0,
        "MALICIOUS": 0,
        "SANE": 0,
        "VALID": 0,
        "total": 2961
    },
    "percentage": {
        "ACTIVE": 99.89868287740629,
        "INACTIVE": 0.2918287937743191,
        "INVALID": 0,
        "MALICIOUS": 0,
        "SANE": 0,
        "VALID": 0,
        "total": 100.1905116711806
    }
}