{
    "counter": {
        "ACTIVE": 2426,
        "INACTIVE": 1,
        "INVALID": 0,
        "MALICIOUS": 0,
        "SANE": 0,
        "VALID": 0,
        "total": 2427
    },
    "percentage": {
        "ACTIVE": 99.958796868562,
        "INACTIVE": 0.10030090270812438,
        "INVALID": 0,
        "MALICIOUS": 0,
        "SANE": 0,
        "VALID": 0,
        "total": 100.05909777127013
    }
}