{
    "counter": {
        "ACTIVE": 3041,
        "INACTIVE": 1,
        "INVALID": 0,
        "MALICIOUS": 0,
        "SANE": 0,
        "VALID": 0,
        "total": 3042
    },
    "percentage": {
        "ACTIVE": 99.96712689020382,
        "INACTIVE": 0.13192612137203166,
        "INVALID": 0,
        "MALICIOUS": 0,
        "SANE": 0,
        "VALID": 0,
        "total": 100.09905301157585
    }
}