{
    "counter": {
        "ACTIVE": 1453,
        "INACTIVE": 1,
        "INVALID": 0,
        "MALICIOUS": 0,
        "SANE": 0,
        "VALID": 0,
        "total": 1454
    },
    "percentage": {
        "ACTIVE": 99.93122420907841,
        "INACTIVE": 0.07757951900698215,
        "INVALID": 0,
        "MALICIOUS": 0,
        "SANE": 0,
        "VALID": 0,
        "total": 100.0088037280854
    }
}