{
    "counter": {
        "ACTIVE": 2784,
        "INACTIVE": 3,
        "INVALID": 0,
        "MALICIOUS": 0,
        "SANE": 0,
        "VALID": 0,
        "total": 2787
    },
    "percentage": {
        "ACTIVE": 99.89235737351991,
        "INACTIVE": 0.16519823788546256,
        "INVALID": 0,
        "MALICIOUS": 0,
        "SANE": 0,
        "VALID": 0,
        "total": 100.05755561140538
    }
}