{
    "counter": {
        "ACTIVE": 3029,
        "INACTIVE": 11,
        "INVALID": 0,
        "MALICIOUS": 0,
        "SANE": 0,
        "VALID": 0,
        "total": 3040
    },
    "percentage": {
        "ACTIVE": 99.63815789473684,
        "INACTIVE": 0.4506349856616141,
        "INVALID": 0,
        "MALICIOUS": 0,
        "SANE": 0,
        "VALID": 0,
        "total": 100.08879288039844
    }
}