{
    "counter": {
        "ACTIVE": 3024,
        "INACTIVE": 3,
        "INVALID": 0,
        "MALICIOUS": 0,
        "SANE": 0,
        "VALID": 0,
        "total": 3027
    },
    "percentage": {
        "ACTIVE": 99.90089197224975,
        "INACTIVE": 0.2918287937743191,
        "INVALID": 0,
        "MALICIOUS": 0,
        "SANE": 0,
        "VALID": 0,
        "total": 100.19272076602407
    }
}