{
    "counter": {
        "ACTIVE": 2175,
        "INACTIVE": 2,
        "INVALID": 0,
        "MALICIOUS": 0,
        "SANE": 0,
        "VALID": 0,
        "total": 2177
    },
    "percentage": {
        "ACTIVE": 99.90813045475424,
        "INACTIVE": 0.23014959723820483,
        "INVALID": 0,
        "MALICIOUS": 0,
        "SANE": 0,
        "VALID": 0,
        "total": 100.13828005199245
    }
}