{
    "counter": {
        "ACTIVE": 3014,
        "INACTIVE": 3,
        "INVALID": 0,
        "MALICIOUS": 0,
        "SANE": 0,
        "VALID": 0,
        "total": 3017
    },
    "percentage": {
        "ACTIVE": 99.90056347364931,
        "INACTIVE": 0.13593112822836428,
        "INVALID": 0,
        "MALICIOUS": 0,
        "SANE": 0,
        "VALID": 0,
        "total": 100.03649460187768
    }
}