{
    "counter": {
        "ACTIVE": 1558,
        "INACTIVE": 1,
        "INVALID": 0,
        "MALICIOUS": 0,
        "SANE": 0,
        "VALID": 0,
        "total": 1559
    },
    "percentage": {
        "ACTIVE": 99.93585631815266,
        "INACTIVE": 0.17921146953405018,
        "INVALID": 0,
        "MALICIOUS": 0,
        "SANE": 0,
        "VALID": 0,
        "total": 100.11506778768671
    }
}