{
    "counter": {
        "ACTIVE": 2909,
        "INACTIVE": 10,
        "INVALID": 0,
        "MALICIOUS": 0,
        "SANE": 0,
        "VALID": 0,
        "total": 2919
    },
    "percentage": {
        "ACTIVE": 99.65741692360398,
        "INACTIVE": 0.8688097306689835,
        "INVALID": 0,
        "MALICIOUS": 0,
        "SANE": 0,
        "VALID": 0,
        "total": 100.52622665427296
    }
}