{
    "counter": {
        "ACTIVE": 666,
        "INACTIVE": 1,
        "INVALID": 0,
        "MALICIOUS": 0,
        "SANE": 0,
        "VALID": 0,
        "total": 667
    },
    "percentage": {
        "ACTIVE": 99.85007496251875,
        "INACTIVE": 0.1736111111111111,
        "INVALID": 0,
        "MALICIOUS": 0,
        "SANE": 0,
        "VALID": 0,
        "total": 100.02368607362986
    }
}