{
    "counter": {
        "ACTIVE": 2137,
        "INACTIVE": 1,
        "INVALID": 0,
        "MALICIOUS": 0,
        "SANE": 0,
        "VALID": 0,
        "total": 2138
    },
    "percentage": {
        "ACTIVE": 99.9532273152479,
        "INACTIVE": 0.07757951900698215,
        "INVALID": 0,
        "MALICIOUS": 0,
        "SANE": 0,
        "VALID": 0,
        "total": 100.03080683425489
    }
}