{
    "counter": {
        "ACTIVE": 2272,
        "INACTIVE": 1,
        "INVALID": 0,
        "MALICIOUS": 0,
        "SANE": 0,
        "VALID": 0,
        "total": 2273
    },
    "percentage": {
        "ACTIVE": 99.95600527936648,
        "INACTIVE": 0.1006036217303823,
        "INVALID": 0,
        "MALICIOUS": 0,
        "SANE": 0,
        "VALID": 0,
        "total": 100.05660890109687
    }
}