{
    "counter": {
        "ACTIVE": 1832,
        "INACTIVE": 7,
        "INVALID": 0,
        "MALICIOUS": 0,
        "SANE": 0,
        "VALID": 0,
        "total": 1839
    },
    "percentage": {
        "ACTIVE": 99.61935834692768,
        "INACTIVE": 0.3856749311294766,
        "INVALID": 0,
        "MALICIOUS": 0,
        "SANE": 0,
        "VALID": 0,
        "total": 100.00503327805716
    }
}