{
    "counter": {
        "ACTIVE": 2097,
        "INACTIVE": 1,
        "INVALID": 0,
        "MALICIOUS": 0,
        "SANE": 0,
        "VALID": 0,
        "total": 2098
    },
    "percentage": {
        "ACTIVE": 99.95233555767398,
        "INACTIVE": 0.1001001001001001,
        "INVALID": 0,
        "MALICIOUS": 0,
        "SANE": 0,
        "VALID": 0,
        "total": 100.05243565777408
    }
}