{
    "counter": {
        "ACTIVE": 2749,
        "INACTIVE": 1,
        "INVALID": 0,
        "MALICIOUS": 0,
        "SANE": 0,
        "VALID": 0,
        "total": 2750
    },
    "percentage": {
        "ACTIVE": 99.96363636363637,
        "INACTIVE": 0.4830917874396135,
        "INVALID": 0,
        "MALICIOUS": 0,
        "SANE": 0,
        "VALID": 0,
        "total": 100.44672815107599
    }
}