{
    "counter": {
        "ACTIVE": 2476,
        "INACTIVE": 2,
        "INVALID": 0,
        "MALICIOUS": 0,
        "SANE": 0,
        "VALID": 0,
        "total": 2478
    },
    "percentage": {
        "ACTIVE": 99.91928974979822,
        "INACTIVE": 0.13937282229965156,
        "INVALID": 0,
        "MALICIOUS": 0,
        "SANE": 0,
        "VALID": 0,
        "total": 100.05866257209787
    }
}