{
    "counter": {
        "ACTIVE": 1506,
        "INACTIVE": 1,
        "INVALID": 0,
        "MALICIOUS": 0,
        "SANE": 0,
        "VALID": 0,
        "total": 1507
    },
    "percentage": {
        "ACTIVE": 99.93364299933643,
        "INACTIVE": 0.09416195856873823,
        "INVALID": 0,
        "MALICIOUS": 0,
        "SANE": 0,
        "VALID": 0,
        "total": 100.02780495790516
    }
}