{
    "counter": {
        "ACTIVE": 880,
        "INACTIVE": 1,
        "INVALID": 0,
        "MALICIOUS": 0,
        "SANE": 0,
        "VALID": 0,
        "total": 881
    },
    "percentage": {
        "ACTIVE": 99.88649262202043,
        "INACTIVE": 0.11918951132300358,
        "INVALID": 0,
        "MALICIOUS": 0,
        "SANE": 0,
        "VALID": 0,
        "total": 100.00568213334343
    }
}