{
    "counter": {
        "ACTIVE": 947,
        "INACTIVE": 4,
        "INVALID": 0,
        "MALICIOUS": 0,
        "SANE": 0,
        "VALID": 0,
        "total": 951
    },
    "percentage": {
        "ACTIVE": 99.57939011566772,
        "INACTIVE": 1.3840830449826989,
        "INVALID": 0,
        "MALICIOUS": 0,
        "SANE": 0,
        "VALID": 0,
        "total": 100.96347316065042
    }
}