{
    "counter": {
        "ACTIVE": 2207,
        "INACTIVE": 3,
        "INVALID": 0,
        "MALICIOUS": 0,
        "SANE": 0,
        "VALID": 0,
        "total": 2210
    },
    "percentage": {
        "ACTIVE": 99.86425339366515,
        "INACTIVE": 0.37735849056603776,
        "INVALID": 0,
        "MALICIOUS": 0,
        "SANE": 0,
        "VALID": 0,
        "total": 100.24161188423119
    }
}