{
    "counter": {
        "ACTIVE": 2134,
        "INACTIVE": 1,
        "INVALID": 0,
        "MALICIOUS": 0,
        "SANE": 0,
        "VALID": 0,
        "total": 2135
    },
    "percentage": {
        "ACTIVE": 99.95316159250585,
        "INACTIVE": 0.06954102920723226,
        "INVALID": 0,
        "MALICIOUS": 0,
        "SANE": 0,
        "VALID": 0,
        "total": 100.02270262171308
    }
}