{
    "counter": {
        "ACTIVE": 2943,
        "INACTIVE": 2,
        "INVALID": 0,
        "MALICIOUS": 0,
        "SANE": 0,
        "VALID": 0,
        "total": 2945
    },
    "percentage": {
        "ACTIVE": 99.9320882852292,
        "INACTIVE": 0.08159934720522236,
        "INVALID": 0,
        "MALICIOUS": 0,
        "SANE": 0,
        "VALID": 0,
        "total": 100.01368763243443
    }
}