{
    "counter": {
        "ACTIVE": 2076,
        "INACTIVE": 19,
        "INVALID": 0,
        "MALICIOUS": 0,
        "SANE": 0,
        "VALID": 0,
        "total": 2095
    },
    "percentage": {
        "ACTIVE": 99.09307875894989,
        "INACTIVE": 0.9438648782911078,
        "INVALID": 0,
        "MALICIOUS": 0,
        "SANE": 0,
        "VALID": 0,
        "total": 100.036943637241
    }
}