{
    "counter": {
        "ACTIVE": 2595,
        "INACTIVE": 1,
        "INVALID": 0,
        "MALICIOUS": 0,
        "SANE": 0,
        "VALID": 0,
        "total": 2596
    },
    "percentage": {
        "ACTIVE": 99.96147919876734,
        "INACTIVE": 0.1182033096926714,
        "INVALID": 0,
        "MALICIOUS": 0,
        "SANE": 0,
        "VALID": 0,
        "total": 100.07968250846001
    }
}