{
    "counter": {
        "ACTIVE": 1433,
        "INACTIVE": 1,
        "INVALID": 0,
        "MALICIOUS": 0,
        "SANE": 0,
        "VALID": 0,
        "total": 1434
    },
    "percentage": {
        "ACTIVE": 99.9302649930265,
        "INACTIVE": 0.0755287009063444,
        "INVALID": 0,
        "MALICIOUS": 0,
        "SANE": 0,
        "VALID": 0,
        "total": 100.00579369393284
    }
}