{
    "counter": {
        "ACTIVE": 3016,
        "INACTIVE": 1,
        "INVALID": 0,
        "MALICIOUS": 0,
        "SANE": 0,
        "VALID": 0,
        "total": 3017
    },
    "percentage": {
        "ACTIVE": 99.96685449121644,
        "INACTIVE": 0.10070493454179255,
        "INVALID": 0,
        "MALICIOUS": 0,
        "SANE": 0,
        "VALID": 0,
        "total": 100.06755942575823
    }
}