{
    "counter": {
        "ACTIVE": 2088,
        "INACTIVE": 1,
        "INVALID": 0,
        "MALICIOUS": 0,
        "SANE": 0,
        "VALID": 0,
        "total": 2089
    },
    "percentage": {
        "ACTIVE": 99.95213020584012,
        "INACTIVE": 0.5434782608695652,
        "INVALID": 0,
        "MALICIOUS": 0,
        "SANE": 0,
        "VALID": 0,
        "total": 100.49560846670968
    }
}