{
    "counter": {
        "ACTIVE": 2509,
        "INACTIVE": 1,
        "INVALID": 0,
        "MALICIOUS": 0,
        "SANE": 0,
        "VALID": 0,
        "total": 2510
    },
    "percentage": {
        "ACTIVE": 99.9601593625498,
        "INACTIVE": 0.12578616352201258,
        "INVALID": 0,
        "MALICIOUS": 0,
        "SANE": 0,
        "VALID": 0,
        "total": 100.08594552607181
    }
}