{
    "counter": {
        "ACTIVE": 551,
        "INACTIVE": 2,
        "INVALID": 0,
        "MALICIOUS": 0,
        "SANE": 0,
        "VALID": 0,
        "total": 553
    },
    "percentage": {
        "ACTIVE": 99.63833634719711,
        "INACTIVE": 1.1173184357541899,
        "INVALID": 0,
        "MALICIOUS": 0,
        "SANE": 0,
        "VALID": 0,
        "total": 100.7556547829513
    }
}