{
    "counter": {
        "ACTIVE": 3018,
        "INACTIVE": 1,
        "INVALID": 0,
        "MALICIOUS": 0,
        "SANE": 0,
        "VALID": 0,
        "total": 3019
    },
    "percentage": {
        "ACTIVE": 99.96687644915535,
        "INACTIVE": 0.10030090270812438,
        "INVALID": 0,
        "MALICIOUS": 0,
        "SANE": 0,
        "VALID": 0,
        "total": 100.06717735186348
    }
}