{
    "counter": {
        "ACTIVE": 2989,
        "INACTIVE": 2,
        "INVALID": 0,
        "MALICIOUS": 0,
        "SANE": 0,
        "VALID": 0,
        "total": 2991
    },
    "percentage": {
        "ACTIVE": 99.93313273152792,
        "INACTIVE": 0.08006405124099279,
        "INVALID": 0,
        "MALICIOUS": 0,
        "SANE": 0,
        "VALID": 0,
        "total": 100.01319678276892
    }
}