{
    "counter": {
        "ACTIVE": 2730,
        "INACTIVE": 1,
        "INVALID": 0,
        "MALICIOUS": 0,
        "SANE": 0,
        "VALID": 0,
        "total": 2731
    },
    "percentage": {
        "ACTIVE": 99.96338337605273,
        "INACTIVE": 0.09380863039399624,
        "INVALID": 0,
        "MALICIOUS": 0,
        "SANE": 0,
        "VALID": 0,
        "total": 100.05719200644673
    }
}