{
    "counter": {
        "ACTIVE": 3012,
        "INACTIVE": 2,
        "INVALID": 0,
        "MALICIOUS": 0,
        "SANE": 0,
        "VALID": 0,
        "total": 3014
    },
    "percentage": {
        "ACTIVE": 99.93364299933643,
        "INACTIVE": 0.06740815638692282,
        "INVALID": 0,
        "MALICIOUS": 0,
        "SANE": 0,
        "VALID": 0,
        "total": 100.00105115572335
    }
}