{
    "counter": {
        "ACTIVE": 3017,
        "INACTIVE": 1,
        "INVALID": 0,
        "MALICIOUS": 0,
        "SANE": 0,
        "VALID": 0,
        "total": 3018
    },
    "percentage": {
        "ACTIVE": 99.96686547382373,
        "INACTIVE": 0.5434782608695652,
        "INVALID": 0,
        "MALICIOUS": 0,
        "SANE": 0,
        "VALID": 0,
        "total": 100.5103437346933
    }
}