{
    "counter": {
        "ACTIVE": 1111,
        "INACTIVE": 1,
        "INVALID": 0,
        "MALICIOUS": 0,
        "SANE": 0,
        "VALID": 0,
        "total": 1112
    },
    "percentage": {
        "ACTIVE": 99.91007194244604,
        "INACTIVE": 0.10070493454179255,
        "INVALID": 0,
        "MALICIOUS": 0,
        "SANE": 0,
        "VALID": 0,
        "total": 100.01077687698783
    }
}