{
    "counter": {
        "ACTIVE": 2378,
        "INACTIVE": 1,
        "INVALID": 0,
        "MALICIOUS": 0,
        "SANE": 0,
        "VALID": 0,
        "total": 2379
    },
    "percentage": {
        "ACTIVE": 99.95796553173602,
        "INACTIVE": 0.0434593654932638,
        "INVALID": 0,
        "MALICIOUS": 0,
        "SANE": 0,
        "VALID": 0,
        "total": 100.00142489722928
    }
}