{
    "counter": {
        "ACTIVE": 2271,
        "INACTIVE": 4,
        "INVALID": 0,
        "MALICIOUS": 0,
        "SANE": 0,
        "VALID": 0,
        "total": 2275
    },
    "percentage": {
        "ACTIVE": 99.82417582417582,
        "INACTIVE": 1.3840830449826989,
        "INVALID": 0,
        "MALICIOUS": 0,
        "SANE": 0,
        "VALID": 0,
        "total": 101.20825886915853
    }
}