{
    "counter": {
        "ACTIVE": 2950,
        "INACTIVE": 1,
        "INVALID": 0,
        "MALICIOUS": 0,
        "SANE": 0,
        "VALID": 0,
        "total": 2951
    },
    "percentage": {
        "ACTIVE": 99.96611318197222,
        "INACTIVE": 0.10427528675703858,
        "INVALID": 0,
        "MALICIOUS": 0,
        "SANE": 0,
        "VALID": 0,
        "total": 100.07038846872926
    }
}