{
    "counter": {
        "ACTIVE": 2092,
        "INACTIVE": 2,
        "INVALID": 0,
        "MALICIOUS": 0,
        "SANE": 0,
        "VALID": 0,
        "total": 2094
    },
    "percentage": {
        "ACTIVE": 99.90448901623687,
        "INACTIVE": 0.35778175313059035,
        "INVALID": 0,
        "MALICIOUS": 0,
        "SANE": 0,
        "VALID": 0,
        "total": 100.26227076936746
    }
}