{
    "counter": {
        "ACTIVE": 1429,
        "INACTIVE": 1,
        "INVALID": 0,
        "MALICIOUS": 0,
        "SANE": 0,
        "VALID": 0,
        "total": 1430
    },
    "percentage": {
        "ACTIVE": 99.93006993006993,
        "INACTIVE": 0.07418397626112759,
        "INVALID": 0,
        "MALICIOUS": 0,
        "SANE": 0,
        "VALID": 0,
        "total": 100.00425390633106
    }
}