{
    "counter": {
        "ACTIVE": 3032,
        "INACTIVE": 1,
        "INVALID": 0,
        "MALICIOUS": 0,
        "SANE": 0,
        "VALID": 0,
        "total": 3033
    },
    "percentage": {
        "ACTIVE": 99.96702934388394,
        "INACTIVE": 0.05149330587023687,
        "INVALID": 0,
        "MALICIOUS": 0,
        "SANE": 0,
        "VALID": 0,
        "total": 100.01852264975417
    }
}