{
    "counter": {
        "ACTIVE": 1907,
        "INACTIVE": 1,
        "INVALID": 0,
        "MALICIOUS": 0,
        "SANE": 0,
        "VALID": 0,
        "total": 1908
    },
    "percentage": {
        "ACTIVE": 99.94758909853249,
        "INACTIVE": 0.5434782608695652,
        "INVALID": 0,
        "MALICIOUS": 0,
        "SANE": 0,
        "VALID": 0,
        "total": 100.49106735940205
    }
}