{
    "counter": {
        "ACTIVE": 1807,
        "INACTIVE": 1,
        "INVALID": 0,
        "MALICIOUS": 0,
        "SANE": 0,
        "VALID": 0,
        "total": 1808
    },
    "percentage": {
        "ACTIVE": 99.94469026548673,
        "INACTIVE": 0.12300123001230012,
        "INVALID": 0,
        "MALICIOUS": 0,
        "SANE": 0,
        "VALID": 0,
        "total": 100.06769149549903
    }
}