{
    "counter": {
        "ACTIVE": 1815,
        "INACTIVE": 1,
        "INVALID": 0,
        "MALICIOUS": 0,
        "SANE": 0,
        "VALID": 0,
        "total": 1816
    },
    "percentage": {
        "ACTIVE": 99.94493392070484,
        "INACTIVE": 0.0757002271006813,
        "INVALID": 0,
        "MALICIOUS": 0,
        "SANE": 0,
        "VALID": 0,
        "total": 100.02063414780552
    }
}