{
    "counter": {
        "ACTIVE": 2839,
        "INACTIVE": 1,
        "INVALID": 0,
        "MALICIOUS": 0,
        "SANE": 0,
        "VALID": 0,
        "total": 2840
    },
    "percentage": {
        "ACTIVE": 99.96478873239437,
        "INACTIVE": 0.11918951132300358,
        "INVALID": 0,
        "MALICIOUS": 0,
        "SANE": 0,
        "VALID": 0,
        "total": 100.08397824371737
    }
}