{
    "counter": {
        "ACTIVE": 1761,
        "INACTIVE": 1,
        "INVALID": 0,
        "MALICIOUS": 0,
        "SANE": 0,
        "VALID": 0,
        "total": 1762
    },
    "percentage": {
        "ACTIVE": 99.94324631101021,
        "INACTIVE": 0.10070493454179255,
        "INVALID": 0,
        "MALICIOUS": 0,
        "SANE": 0,
        "VALID": 0,
        "total": 100.04395124555201
    }
}