{
    "counter": {
        "ACTIVE": 2786,
        "INACTIVE": 2,
        "INVALID": 0,
        "MALICIOUS": 0,
        "SANE": 0,
        "VALID": 0,
        "total": 2788
    },
    "percentage": {
        "ACTIVE": 99.92826398852223,
        "INACTIVE": 0.10509721492380451,
        "INVALID": 0,
        "MALICIOUS": 0,
        "SANE": 0,
        "VALID": 0,
        "total": 100.03336120344603
    }
}