{
    "counter": {
        "ACTIVE": 777,
        "INACTIVE": 1,
        "INVALID": 0,
        "MALICIOUS": 0,
        "SANE": 0,
        "VALID": 0,
        "total": 778
    },
    "percentage": {
        "ACTIVE": 99.87146529562982,
        "INACTIVE": 0.17921146953405018,
        "INVALID": 0,
        "MALICIOUS": 0,
        "SANE": 0,
        "VALID": 0,
        "total": 100.05067676516387
    }
}