{
    "counter": {
        "ACTIVE": 1809,
        "INACTIVE": 3,
        "INVALID": 0,
        "MALICIOUS": 0,
        "SANE": 0,
        "VALID": 0,
        "total": 1812
    },
    "percentage": {
        "ACTIVE": 99.83443708609272,
        "INACTIVE": 0.2918287937743191,
        "INVALID": 0,
        "MALICIOUS": 0,
        "SANE": 0,
        "VALID": 0,
        "total": 100.12626587986703
    }
}