{
    "counter": {
        "ACTIVE": 1160,
        "INACTIVE": 2,
        "INVALID": 0,
        "MALICIOUS": 0,
        "SANE": 0,
        "VALID": 0,
        "total": 1162
    },
    "percentage": {
        "ACTIVE": 99.82788296041308,
        "INACTIVE": 0.2178649237472767,
        "INVALID": 0,
        "MALICIOUS": 0,
        "SANE": 0,
        "VALID": 0,
        "total": 100.04574788416035
    }
}