{
    "counter": {
        "ACTIVE": 2225,
        "INACTIVE": 4,
        "INVALID": 0,
        "MALICIOUS": 0,
        "SANE": 0,
        "VALID": 0,
        "total": 2229
    },
    "percentage": {
        "ACTIVE": 99.82054733064155,
        "INACTIVE": 0.42328042328042326,
        "INVALID": 0,
        "MALICIOUS": 0,
        "SANE": 0,
        "VALID": 0,
        "total": 100.24382775392196
    }
}