{
    "counter": {
        "ACTIVE": 2970,
        "INACTIVE": 4,
        "INVALID": 0,
        "MALICIOUS": 0,
        "SANE": 0,
        "VALID": 0,
        "total": 2974
    },
    "percentage": {
        "ACTIVE": 99.86550100874244,
        "INACTIVE": 0.37593984962406013,
        "INVALID": 0,
        "MALICIOUS": 0,
        "SANE": 0,
        "VALID": 0,
        "total": 100.2414408583665
    }
}