{
    "counter": {
        "ACTIVE": 2158,
        "INACTIVE": 7,
        "INVALID": 0,
        "MALICIOUS": 0,
        "SANE": 0,
        "VALID": 0,
        "total": 2165
    },
    "percentage": {
        "ACTIVE": 99.67667436489607,
        "INACTIVE": 0.3856749311294766,
        "INVALID": 0,
        "MALICIOUS": 0,
        "SANE": 0,
        "VALID": 0,
        "total": 100.06234929602554
    }
}