{
    "counter": {
        "ACTIVE": 1137,
        "INACTIVE": 1,
        "INVALID": 0,
        "MALICIOUS": 0,
        "SANE": 0,
        "VALID": 0,
        "total": 1138
    },
    "percentage": {
        "ACTIVE": 99.91212653778558,
        "INACTIVE": 0.1006036217303823,
        "INVALID": 0,
        "MALICIOUS": 0,
        "SANE": 0,
        "VALID": 0,
        "total": 100.01273015951597
    }
}