{
    "counter": {
        "ACTIVE": 2497,
        "INACTIVE": 1,
        "INVALID": 0,
        "MALICIOUS": 0,
        "SANE": 0,
        "VALID": 0,
        "total": 2498
    },
    "percentage": {
        "ACTIVE": 99.95996797437951,
        "INACTIVE": 0.09416195856873823,
        "INVALID": 0,
        "MALICIOUS": 0,
        "SANE": 0,
        "VALID": 0,
        "total": 100.05412993294824
    }
}