{
    "counter": {
        "ACTIVE": 2791,
        "INACTIVE": 2,
        "INVALID": 0,
        "MALICIOUS": 0,
        "SANE": 0,
        "VALID": 0,
        "total": 2793
    },
    "percentage": {
        "ACTIVE": 99.92839240959542,
        "INACTIVE": 0.08006405124099279,
        "INVALID": 0,
        "MALICIOUS": 0,
        "SANE": 0,
        "VALID": 0,
        "total": 100.00845646083641
    }
}