{
    "counter": {
        "ACTIVE": 2841,
        "INACTIVE": 1,
        "INVALID": 0,
        "MALICIOUS": 0,
        "SANE": 0,
        "VALID": 0,
        "total": 2842
    },
    "percentage": {
        "ACTIVE": 99.96481351161154,
        "INACTIVE": 0.07429420505200594,
        "INVALID": 0,
        "MALICIOUS": 0,
        "SANE": 0,
        "VALID": 0,
        "total": 100.03910771666355
    }
}