{
    "counter": {
        "ACTIVE": 1506,
        "INACTIVE": 1,
        "INVALID": 0,
        "MALICIOUS": 0,
        "SANE": 0,
        "VALID": 0,
        "total": 1507
    },
    "percentage": {
        "ACTIVE": 99.93364299933643,
        "INACTIVE": 0.5434782608695652,
        "INVALID": 0,
        "MALICIOUS": 0,
        "SANE": 0,
        "VALID": 0,
        "total": 100.47712126020599
    }
}