{
    "counter": {
        "ACTIVE": 1632,
        "INACTIVE": 1,
        "INVALID": 0,
        "MALICIOUS": 0,
        "SANE": 0,
        "VALID": 0,
        "total": 1633
    },
    "percentage": {
        "ACTIVE": 99.93876301285977,
        "INACTIVE": 0.3448275862068966,
        "INVALID": 0,
        "MALICIOUS": 0,
        "SANE": 0,
        "VALID": 0,
        "total": 100.28359059906666
    }
}