{
    "counter": {
        "ACTIVE": 1027,
        "INACTIVE": 8,
        "INVALID": 0,
        "MALICIOUS": 0,
        "SANE": 0,
        "VALID": 0,
        "total": 1035
    },
    "percentage": {
        "ACTIVE": 99.22705314009661,
        "INACTIVE": 0.8130081300813008,
        "INVALID": 0,
        "MALICIOUS": 0,
        "SANE": 0,
        "VALID": 0,
        "total": 100.04006127017792
    }
}