{
    "counter": {
        "ACTIVE": 868,
        "INACTIVE": 1,
        "INVALID": 0,
        "MALICIOUS": 0,
        "SANE": 0,
        "VALID": 0,
        "total": 869
    },
    "percentage": {
        "ACTIVE": 99.8849252013809,
        "INACTIVE": 0.16750418760469013,
        "INVALID": 0,
        "MALICIOUS": 0,
        "SANE": 0,
        "VALID": 0,
        "total": 100.05242938898559
    }
}