{
    "counter": {
        "ACTIVE": 1828,
        "INACTIVE": 1,
        "INVALID": 0,
        "MALICIOUS": 0,
        "SANE": 0,
        "VALID": 0,
        "total": 1829
    },
    "percentage": {
        "ACTIVE": 99.94532531437945,
        "INACTIVE": 0.5405405405405406,
        "INVALID": 0,
        "MALICIOUS": 0,
        "SANE": 0,
        "VALID": 0,
        "total": 100.48586585492
    }
}