{
    "counter": {
        "ACTIVE": 2147,
        "INACTIVE": 1,
        "INVALID": 0,
        "MALICIOUS": 0,
        "SANE": 0,
        "VALID": 0,
        "total": 2148
    },
    "percentage": {
        "ACTIVE": 99.95344506517691,
        "INACTIVE": 0.07564296520423601,
        "INVALID": 0,
        "MALICIOUS": 0,
        "SANE": 0,
        "VALID": 0,
        "total": 100.02908803038115
    }
}