{
    "counter": {
        "ACTIVE": 1080,
        "INACTIVE": 8,
        "INVALID": 0,
        "MALICIOUS": 0,
        "SANE": 0,
        "VALID": 0,
        "total": 1088
    },
    "percentage": {
        "ACTIVE": 99.26470588235294,
        "INACTIVE": 0.8307372793354102,
        "INVALID": 0,
        "MALICIOUS": 0,
        "SANE": 0,
        "VALID": 0,
        "total": 100.09544316168835
    }
}