{
    "counter": {
        "ACTIVE": 2443,
        "INACTIVE": 1,
        "INVALID": 0,
        "MALICIOUS": 0,
        "SANE": 0,
        "VALID": 0,
        "total": 2444
    },
    "percentage": {
        "ACTIVE": 99.95908346972176,
        "INACTIVE": 0.044682752457551385,
        "INVALID": 0,
        "MALICIOUS": 0,
        "SANE": 0,
        "VALID": 0,
        "total": 100.00376622217931
    }
}