{
    "counter": {
        "ACTIVE": 1836,
        "INACTIVE": 1,
        "INVALID": 0,
        "MALICIOUS": 0,
        "SANE": 0,
        "VALID": 0,
        "total": 1837
    },
    "percentage": {
        "ACTIVE": 99.94556341861731,
        "INACTIVE": 0.07507507507507508,
        "INVALID": 0,
        "MALICIOUS": 0,
        "SANE": 0,
        "VALID": 0,
        "total": 100.02063849369239
    }
}