{
    "counter": {
        "ACTIVE": 1275,
        "INACTIVE": 1,
        "INVALID": 0,
        "MALICIOUS": 0,
        "SANE": 0,
        "VALID": 0,
        "total": 1276
    },
    "percentage": {
        "ACTIVE": 99.92163009404389,
        "INACTIVE": 0.17921146953405018,
        "INVALID": 0,
        "MALICIOUS": 0,
        "SANE": 0,
        "VALID": 0,
        "total": 100.10084156357794
    }
}