{
    "counter": {
        "ACTIVE": 575,
        "INACTIVE": 1,
        "INVALID": 0,
        "MALICIOUS": 0,
        "SANE": 0,
        "VALID": 0,
        "total": 576
    },
    "percentage": {
        "ACTIVE": 99.82638888888889,
        "INACTIVE": 0.5405405405405406,
        "INVALID": 0,
        "MALICIOUS": 0,
        "SANE": 0,
        "VALID": 0,
        "total": 100.36692942942943
    }
}