{
    "counter": {
        "ACTIVE": 3043,
        "INACTIVE": 1,
        "INVALID": 0,
        "MALICIOUS": 0,
        "SANE": 0,
        "VALID": 0,
        "total": 3044
    },
    "percentage": {
        "ACTIVE": 99.96714848883049,
        "INACTIVE": 0.5405405405405406,
        "INVALID": 0,
        "MALICIOUS": 0,
        "SANE": 0,
        "VALID": 0,
        "total": 100.50768902937104
    }
}