{
    "counter": {
        "ACTIVE": 1331,
        "INACTIVE": 4,
        "INVALID": 0,
        "MALICIOUS": 0,
        "SANE": 0,
        "VALID": 0,
        "total": 1335
    },
    "percentage": {
        "ACTIVE": 99.70037453183521,
        "INACTIVE": 1.3840830449826989,
        "INVALID": 0,
        "MALICIOUS": 0,
        "SANE": 0,
        "VALID": 0,
        "total": 101.08445757681791
    }
}