{
    "counter": {
        "ACTIVE": 1732,
        "INACTIVE": 3,
        "INVALID": 0,
        "MALICIOUS": 0,
        "SANE": 0,
        "VALID": 0,
        "total": 1735
    },
    "percentage": {
        "ACTIVE": 99.82708933717579,
        "INACTIVE": 0.2329192546583851,
        "INVALID": 0,
        "MALICIOUS": 0,
        "SANE": 0,
        "VALID": 0,
        "total": 100.06000859183418
    }
}