{
    "counter": {
        "ACTIVE": 2729,
        "INACTIVE": 3,
        "INVALID": 0,
        "MALICIOUS": 0,
        "SANE": 0,
        "VALID": 0,
        "total": 2732
    },
    "percentage": {
        "ACTIVE": 99.89019033674964,
        "INACTIVE": 0.12417218543046357,
        "INVALID": 0,
        "MALICIOUS": 0,
        "SANE": 0,
        "VALID": 0,
        "total": 100.01436252218011
    }
}