{
    "counter": {
        "ACTIVE": 1273,
        "INACTIVE": 1,
        "INVALID": 0,
        "MALICIOUS": 0,
        "SANE": 0,
        "VALID": 0,
        "total": 1274
    },
    "percentage": {
        "ACTIVE": 99.9215070643642,
        "INACTIVE": 0.1079913606911447,
        "INVALID": 0,
        "MALICIOUS": 0,
        "SANE": 0,
        "VALID": 0,
        "total": 100.02949842505535
    }
}