{
    "counter": {
        "ACTIVE": 2598,
        "INACTIVE": 1,
        "INVALID": 0,
        "MALICIOUS": 0,
        "SANE": 0,
        "VALID": 0,
        "total": 2599
    },
    "percentage": {
        "ACTIVE": 99.96152366294729,
        "INACTIVE": 0.1001001001001001,
        "INVALID": 0,
        "MALICIOUS": 0,
        "SANE": 0,
        "VALID": 0,
        "total": 100.0616237630474
    }
}