{
    "counter": {
        "ACTIVE": 2821,
        "INACTIVE": 1,
        "INVALID": 0,
        "MALICIOUS": 0,
        "SANE": 0,
        "VALID": 0,
        "total": 2822
    },
    "percentage": {
        "ACTIVE": 99.96456413890857,
        "INACTIVE": 0.042973785990545764,
        "INVALID": 0,
        "MALICIOUS": 0,
        "SANE": 0,
        "VALID": 0,
        "total": 100.00753792489911
    }
}