{
    "counter": {
        "ACTIVE": 1478,
        "INACTIVE": 1,
        "INVALID": 0,
        "MALICIOUS": 0,
        "SANE": 0,
        "VALID": 0,
        "total": 1479
    },
    "percentage": {
        "ACTIVE": 99.93238674780257,
        "INACTIVE": 0.5405405405405406,
        "INVALID": 0,
        "MALICIOUS": 0,
        "SANE": 0,
        "VALID": 0,
        "total": 100.47292728834312
    }
}