{
    "counter": {
        "ACTIVE": 2739,
        "INACTIVE": 2,
        "INVALID": 0,
        "MALICIOUS": 0,
        "SANE": 0,
        "VALID": 0,
        "total": 2741
    },
    "percentage": {
        "ACTIVE": 99.92703392922292,
        "INACTIVE": 0.1885014137606032,
        "INVALID": 0,
        "MALICIOUS": 0,
        "SANE": 0,
        "VALID": 0,
        "total": 100.11553534298352
    }
}