{
    "counter": {
        "ACTIVE": 1753,
        "INACTIVE": 2,
        "INVALID": 0,
        "MALICIOUS": 0,
        "SANE": 0,
        "VALID": 0,
        "total": 1755
    },
    "percentage": {
        "ACTIVE": 99.88603988603988,
        "INACTIVE": 0.19860973187686196,
        "INVALID": 0,
        "MALICIOUS": 0,
        "SANE": 0,
        "VALID": 0,
        "total": 100.08464961791674
    }
}