{
    "counter": {
        "ACTIVE": 1016,
        "INACTIVE": 1,
        "INVALID": 0,
        "MALICIOUS": 0,
        "SANE": 0,
        "VALID": 0,
        "total": 1017
    },
    "percentage": {
        "ACTIVE": 99.9016715830875,
        "INACTIVE": 0.1001001001001001,
        "INVALID": 0,
        "MALICIOUS": 0,
        "SANE": 0,
        "VALID": 0,
        "total": 100.00177168318761
    }
}