{
    "counter": {
        "ACTIVE": 2859,
        "INACTIVE": 1,
        "INVALID": 0,
        "MALICIOUS": 0,
        "SANE": 0,
        "VALID": 0,
        "total": 2860
    },
    "percentage": {
        "ACTIVE": 99.96503496503496,
        "INACTIVE": 0.13192612137203166,
        "INVALID": 0,
        "MALICIOUS": 0,
        "SANE": 0,
        "VALID": 0,
        "total": 100.09696108640699
    }
}