{
    "counter": {
        "ACTIVE": 2818,
        "INACTIVE": 2,
        "INVALID": 0,
        "MALICIOUS": 0,
        "SANE": 0,
        "VALID": 0,
        "total": 2820
    },
    "percentage": {
        "ACTIVE": 99.9290780141844,
        "INACTIVE": 0.19860973187686196,
        "INVALID": 0,
        "MALICIOUS": 0,
        "SANE": 0,
        "VALID": 0,
        "total": 100.12768774606126
    }
}