{
    "counter": {
        "ACTIVE": 2443,
        "INACTIVE": 3,
        "INVALID": 0,
        "MALICIOUS": 0,
        "SANE": 0,
        "VALID": 0,
        "total": 2446
    },
    "percentage": {
        "ACTIVE": 99.87735077677841,
        "INACTIVE": 0.13593112822836428,
        "INVALID": 0,
        "MALICIOUS": 0,
        "SANE": 0,
        "VALID": 0,
        "total": 100.01328190500678
    }
}