{
    "counter": {
        "ACTIVE": 3039,
        "INACTIVE": 1,
        "INVALID": 0,
        "MALICIOUS": 0,
        "SANE": 0,
        "VALID": 0,
        "total": 3040
    },
    "percentage": {
        "ACTIVE": 99.96710526315789,
        "INACTIVE": 0.03293807641633729,
        "INVALID": 0,
        "MALICIOUS": 0,
        "SANE": 0,
        "VALID": 0,
        "total": 100.00004333957423
    }
}