{
    "counter": {
        "ACTIVE": 2747,
        "INACTIVE": 1,
        "INVALID": 0,
        "MALICIOUS": 0,
        "SANE": 0,
        "VALID": 0,
        "total": 2748
    },
    "percentage": {
        "ACTIVE": 99.96360989810772,
        "INACTIVE": 0.10070493454179255,
        "INVALID": 0,
        "MALICIOUS": 0,
        "SANE": 0,
        "VALID": 0,
        "total": 100.06431483264952
    }
}