{
    "counter": {
        "ACTIVE": 2240,
        "INACTIVE": 2,
        "INVALID": 0,
        "MALICIOUS": 0,
        "SANE": 0,
        "VALID": 0,
        "total": 2242
    },
    "percentage": {
        "ACTIVE": 99.9107939339875,
        "INACTIVE": 0.1885014137606032,
        "INVALID": 0,
        "MALICIOUS": 0,
        "SANE": 0,
        "VALID": 0,
        "total": 100.09929534774811
    }
}