{
    "counter": {
        "ACTIVE": 913,
        "INACTIVE": 1,
        "INVALID": 0,
        "MALICIOUS": 0,
        "SANE": 0,
        "VALID": 0,
        "total": 914
    },
    "percentage": {
        "ACTIVE": 99.89059080962801,
        "INACTIVE": 0.1182033096926714,
        "INVALID": 0,
        "MALICIOUS": 0,
        "SANE": 0,
        "VALID": 0,
        "total": 100.00879411932068
    }
}