{
    "counter": {
        "ACTIVE": 951,
        "INACTIVE": 1,
        "INVALID": 0,
        "MALICIOUS": 0,
        "SANE": 0,
        "VALID": 0,
        "total": 952
    },
    "percentage": {
        "ACTIVE": 99.89495798319328,
        "INACTIVE": 0.3448275862068966,
        "INVALID": 0,
        "MALICIOUS": 0,
        "SANE": 0,
        "VALID": 0,
        "total": 100.23978556940017
    }
}