{
    "counter": {
        "ACTIVE": 543,
        "INACTIVE": 4,
        "INVALID": 0,
        "MALICIOUS": 0,
        "SANE": 0,
        "VALID": 0,
        "total": 547
    },
    "percentage": {
        "ACTIVE": 99.26873857404021,
        "INACTIVE": 1.3840830449826989,
        "INVALID": 0,
        "MALICIOUS": 0,
        "SANE": 0,
        "VALID": 0,
        "total": 100.65282161902292
    }
}