{
    "counter": {
        "ACTIVE": 3041,
        "INACTIVE": 2,
        "INVALID": 0,
        "MALICIOUS": 0,
        "SANE": 0,
        "VALID": 0,
        "total": 3043
    },
    "percentage": {
        "ACTIVE": 99.9342753861321,
        "INACTIVE": 0.23014959723820483,
        "INVALID": 0,
        "MALICIOUS": 0,
        "SANE": 0,
        "VALID": 0,
        "total": 100.16442498337031
    }
}