{
    "counter": {
        "ACTIVE": 2436,
        "INACTIVE": 3,
        "INVALID": 0,
        "MALICIOUS": 0,
        "SANE": 0,
        "VALID": 0,
        "total": 2439
    },
    "percentage": {
        "ACTIVE": 99.8769987699877,
        "INACTIVE": 0.20905923344947736,
        "INVALID": 0,
        "MALICIOUS": 0,
        "SANE": 0,
        "VALID": 0,
        "total": 100.08605800343717
    }
}