{
    "counter": {
        "ACTIVE": 658,
        "INACTIVE": 1,
        "INVALID": 0,
        "MALICIOUS": 0,
        "SANE": 0,
        "VALID": 0,
        "total": 659
    },
    "percentage": {
        "ACTIVE": 99.84825493171472,
        "INACTIVE": 0.18018018018018017,
        "INVALID": 0,
        "MALICIOUS": 0,
        "SANE": 0,
        "VALID": 0,
        "total": 100.02843511189491
    }
}