{
    "counter": {
        "ACTIVE": 1447,
        "INACTIVE": 1,
        "INVALID": 0,
        "MALICIOUS": 0,
        "SANE": 0,
        "VALID": 0,
        "total": 1448
    },
    "percentage": {
        "ACTIVE": 99.93093922651934,
        "INACTIVE": 0.10070493454179255,
        "INVALID": 0,
        "MALICIOUS": 0,
        "SANE": 0,
        "VALID": 0,
        "total": 100.03164416106114
    }
}