{
    "counter": {
        "Chengdu West Dimension Digital Technology Co., LTD": 1,
        "Dynadot LLC": 1,
        "GoDaddy.com, LLC": 1,
        "Google LLC": 1,
        "NameCheap, Inc.": 1,
        "PDR Ltd. d/b/a PublicDomainRegistry.com": 1,
        "URL Solutions, Inc.": 1,
        "total": 7
    },
    "percentage": {
        "Chengdu West Dimension Digital Technology Co., LTD": 14.285714285714286,
        "Dynadot LLC": 14.285714285714286,
        "GoDaddy.com, LLC": 14.285714285714286,
        "Google LLC": 14.285714285714286,
        "NameCheap, Inc.": 14.285714285714286,
        "PDR Ltd. d/b/a PublicDomainRegistry.com": 14.285714285714286,
        "URL Solutions, Inc.": 14.285714285714286,
        "total": 100.00000000000001
    }
}