{
    "counter": {
        "101domain GRS Limited": 2,
        "1API GmbH": 2,
        "Amazon Registrar, Inc.": 2,
        "Ascio Technologies, Inc. Danmark - Filial af Ascio technologies, Inc. USA": 2,
        "CommuniGal Communication Ltd.": 2,
        "Danesco Trading Ltd.": 2,
        "DropCatch.com 1154 LLC": 2,
        "DropCatch.com 911 LLC": 2,
        "Dynadot Inc": 2,
        "GMO Internet Group, Inc. d/b/a Onamae.com": 2,
        "Gabia, Inc.": 2,
        "GoDaddy.com, LLC": 24,
        "IONOS SE": 2,
        "Inames Co., Ltd.": 2,
        "Key-Systems GmbH": 16,
        "NameCheap, Inc.": 8,
        "Namecheap Inc.": 2,
        "NetArt Registrar Sp. z o.o.": 2,
        "Network Solutions, LLC": 2,
        "OVH": 2,
        "OVH SAS": 2,
        "OVH sas": 10,
        "PDR Ltd. d/b/a PublicDomainRegistry.com": 4,
        "Regional Network Information Center, JSC dba RU-CENTER": 2,
        "Register SPA": 2,
        "SNAPNAMES 54, LLC": 2,
        "Sav.com, LLC": 2,
        "Squarespace Domains II LLC.": 2,
        "Tucows Domains Inc.": 6,
        "URL Solutions, Inc.": 6,
        "United-Domains AG": 2,
        "eNom, LLC": 2,
        "pair Networks, Inc. d/b/a pair Domains": 2,
        "total": 126
    },
    "percentage": {
        "101domain GRS Limited": 1.5873015873015872,
        "1API GmbH": 1.5873015873015872,
        "Amazon Registrar, Inc.": 1.5873015873015872,
        "Ascio Technologies, Inc. Danmark - Filial af Ascio technologies, Inc. USA": 1.5873015873015872,
        "CommuniGal Communication Ltd.": 1.5873015873015872,
        "Danesco Trading Ltd.": 1.5873015873015872,
        "DropCatch.com 1154 LLC": 1.5873015873015872,
        "DropCatch.com 911 LLC": 1.5873015873015872,
        "Dynadot Inc": 1.5873015873015872,
        "GMO Internet Group, Inc. d/b/a Onamae.com": 1.5873015873015872,
        "Gabia, Inc.": 1.5873015873015872,
        "GoDaddy.com, LLC": 19.047619047619047,
        "IONOS SE": 1.5873015873015872,
        "Inames Co., Ltd.": 1.5873015873015872,
        "Key-Systems GmbH": 12.698412698412698,
        "NameCheap, Inc.": 6.349206349206349,
        "Namecheap Inc.": 1.5873015873015872,
        "NetArt Registrar Sp. z o.o.": 1.5873015873015872,
        "Network Solutions, LLC": 1.5873015873015872,
        "OVH": 1.5873015873015872,
        "OVH SAS": 1.5873015873015872,
        "OVH sas": 7.936507936507937,
        "PDR Ltd. d/b/a PublicDomainRegistry.com": 3.1746031746031744,
        "Regional Network Information Center, JSC dba RU-CENTER": 1.5873015873015872,
        "Register SPA": 1.5873015873015872,
        "SNAPNAMES 54, LLC": 1.5873015873015872,
        "Sav.com, LLC": 1.5873015873015872,
        "Squarespace Domains II LLC.": 1.5873015873015872,
        "Tucows Domains Inc.": 4.761904761904762,
        "URL Solutions, Inc.": 4.761904761904762,
        "United-Domains AG": 1.5873015873015872,
        "eNom, LLC": 1.5873015873015872,
        "pair Networks, Inc. d/b/a pair Domains": 1.5873015873015872,
        "total": 99.99999999999994
    }
}